Route,Route Name,Service Type,Operator,Contract ID,Contract Region,Directions,Variant Count,Minimum Distance (km),Maximum Distance (km),Average Distance (km),Data Generated Date,Source URL
001,Central Railway - Moore Park Bus Station,Regular,Transdev John Holland Buses,GSBC009,GSBC Contract 9,Inbound,2,1.65,2.7,2.18,2026-08-28,https://opendata.transport.nsw.gov.au/data/dataset/5cc1f27a-984e-4d17-a158-c0a91fe5af5f/resource/be8727ce-4127-475e-9d27-b98fe7ddf5fc/download/bus_routes.csv
31,"Camden to Cut Hill Rd, Cobbitty via Coates Park Rd",Regular,Transit Systems NSW SW,GSBC002,GSBC Contract 2,Inbound; Outbound,3,16.51,19.69,17.73,2026-08-28,https://opendata.transport.nsw.gov.au/data/dataset/5cc1f27a-984e-4d17-a158-c0a91fe5af5f/resource/be8727ce-4127-475e-9d27-b98fe7ddf5fc/download/bus_routes.csv
32,Camden to Warragamba via Theresa Park and Werombi,Regular,Transit Systems NSW SW,GSBC002,GSBC Contract 2,Inbound; Outbound,12,21.95,46.74,35.46,2026-08-28,https://opendata.transport.nsw.gov.au/data/dataset/5cc1f27a-984e-4d17-a158-c0a91fe5af5f/resource/be8727ce-4127-475e-9d27-b98fe7ddf5fc/download/bus_routes.csv
38,Camden to Spring Creek and Brownlow Hill (Loop Ser,Regular,Transit Systems NSW SW,GSBC002,GSBC Contract 2,Inbound,3,21.57,41.34,29.16,2026-08-28,https://opendata.transport.nsw.gov.au/data/dataset/5cc1f27a-984e-4d17-a158-c0a91fe5af5f/resource/be8727ce-4127-475e-9d27-b98fe7ddf5fc/download/bus_routes.csv
39,Camden to The Oaks via Mowbray Park and Belimbla P,Regular,Transit Systems NSW SW,GSBC002,GSBC Contract 2,Inbound; Outbound,3,11.45,44.11,33.02,2026-08-28,https://opendata.transport.nsw.gov.au/data/dataset/5cc1f27a-984e-4d17-a158-c0a91fe5af5f/resource/be8727ce-4127-475e-9d27-b98fe7ddf5fc/download/bus_routes.csv
40,Camden to Belimbla Park and Oakdale via The Oaks (,Regular,Transit Systems NSW SW,GSBC002,GSBC Contract 2,Inbound,17,4.53,76.83,42.06,2026-08-28,https://opendata.transport.nsw.gov.au/data/dataset/5cc1f27a-984e-4d17-a158-c0a91fe5af5f/resource/be8727ce-4127-475e-9d27-b98fe7ddf5fc/download/bus_routes.csv
49,Camden to Menangle and Razorback (Loop Service),Regular,Transit Systems NSW SW,GSBC002,GSBC Contract 2,Inbound,7,18.31,54.64,33.96,2026-08-28,https://opendata.transport.nsw.gov.au/data/dataset/5cc1f27a-984e-4d17-a158-c0a91fe5af5f/resource/be8727ce-4127-475e-9d27-b98fe7ddf5fc/download/bus_routes.csv
52,Parramatta to City Hyde Park via Ryde,Express,Busways North West,GSBC007,GSBC Contract 7,Inbound; Outbound,7,9.88,24.87,18.12,2026-08-28,https://opendata.transport.nsw.gov.au/data/dataset/5cc1f27a-984e-4d17-a158-c0a91fe5af5f/resource/be8727ce-4127-475e-9d27-b98fe7ddf5fc/download/bus_routes.csv
80,Liverpool to Parramatta via T-way,Regular,Transit Systems NSW,GSBC003,GSBC Contract 3,Inbound; Outbound,6,6.17,30.71,19.18,2026-08-28,https://opendata.transport.nsw.gov.au/data/dataset/5cc1f27a-984e-4d17-a158-c0a91fe5af5f/resource/be8727ce-4127-475e-9d27-b98fe7ddf5fc/download/bus_routes.csv
100,Taronga Zoo to City QVB (Loop Service),Regular,KD Northern Beaches,GSBC008,GSBC Contract 8,Inbound,4,6.39,20.29,15.79,2026-08-28,https://opendata.transport.nsw.gov.au/data/dataset/5cc1f27a-984e-4d17-a158-c0a91fe5af5f/resource/be8727ce-4127-475e-9d27-b98fe7ddf5fc/download/bus_routes.csv
111,Chowder Bay to South Mosman Wharf,Regular,KD Northern Beaches,GSBC008,GSBC Contract 8,Inbound; Outbound,6,2.51,6.15,4.54,2026-08-28,https://opendata.transport.nsw.gov.au/data/dataset/5cc1f27a-984e-4d17-a158-c0a91fe5af5f/resource/be8727ce-4127-475e-9d27-b98fe7ddf5fc/download/bus_routes.csv
113,Chatwood to RNS Hospital,Regular,Busways North West,GSBC007,GSBC Contract 7,Inbound; Outbound,2,4.55,4.61,4.58,2026-08-28,https://opendata.transport.nsw.gov.au/data/dataset/5cc1f27a-984e-4d17-a158-c0a91fe5af5f/resource/be8727ce-4127-475e-9d27-b98fe7ddf5fc/download/bus_routes.csv
114,Balmoral to Royal North Shore Hospital,Regular,KD Northern Beaches,GSBC008,GSBC Contract 8,Inbound; Outbound,3,7.39,8.07,7.84,2026-08-28,https://opendata.transport.nsw.gov.au/data/dataset/5cc1f27a-984e-4d17-a158-c0a91fe5af5f/resource/be8727ce-4127-475e-9d27-b98fe7ddf5fc/download/bus_routes.csv
115,Chatswood to North Sydney (Loop Service),Regular,Busways North West,GSBC007,GSBC Contract 7,Inbound,1,15.1,15.1,15.1,2026-08-28,https://opendata.transport.nsw.gov.au/data/dataset/5cc1f27a-984e-4d17-a158-c0a91fe5af5f/resource/be8727ce-4127-475e-9d27-b98fe7ddf5fc/download/bus_routes.csv
119,Gore Hill to North Sydney (Loop Service),Regular,Busways North West,GSBC007,GSBC Contract 7,Inbound; Outbound,2,4.26,4.81,4.54,2026-08-28,https://opendata.transport.nsw.gov.au/data/dataset/5cc1f27a-984e-4d17-a158-c0a91fe5af5f/resource/be8727ce-4127-475e-9d27-b98fe7ddf5fc/download/bus_routes.csv
120,Chatswood to City via Freeway (Loop Service),Regular,Busways North West,GSBC007,GSBC Contract 7,Inbound,2,9.43,22.98,16.2,2026-08-28,https://opendata.transport.nsw.gov.au/data/dataset/5cc1f27a-984e-4d17-a158-c0a91fe5af5f/resource/be8727ce-4127-475e-9d27-b98fe7ddf5fc/download/bus_routes.csv
141,Austlink to Manly via Frenchs Forest and Seaforth,Regular,CDC NSW R14,GSBC014,GSBC Contract 14,Inbound; Outbound,2,19.14,19.43,19.29,2026-08-28,https://opendata.transport.nsw.gov.au/data/dataset/5cc1f27a-984e-4d17-a158-c0a91fe5af5f/resource/be8727ce-4127-475e-9d27-b98fe7ddf5fc/download/bus_routes.csv
142,Skyline Shops to Manly Wharf,Regular,CDC NSW R14,GSBC014,GSBC Contract 14,Inbound; Outbound,9,8.56,11.95,10.19,2026-08-28,https://opendata.transport.nsw.gov.au/data/dataset/5cc1f27a-984e-4d17-a158-c0a91fe5af5f/resource/be8727ce-4127-475e-9d27-b98fe7ddf5fc/download/bus_routes.csv
144,Manly to Chatswood via St Leonards,Regular,KD Northern Beaches,GSBC008,GSBC Contract 8,Inbound; Outbound,5,16.42,17.69,16.98,2026-08-28,https://opendata.transport.nsw.gov.au/data/dataset/5cc1f27a-984e-4d17-a158-c0a91fe5af5f/resource/be8727ce-4127-475e-9d27-b98fe7ddf5fc/download/bus_routes.csv
145,Seaforth - Warr Mall,Regular,KD Northern Beaches,GSBC008,GSBC Contract 8,Inbound; Outbound,3,7.16,10.7,8.38,2026-08-28,https://opendata.transport.nsw.gov.au/data/dataset/5cc1f27a-984e-4d17-a158-c0a91fe5af5f/resource/be8727ce-4127-475e-9d27-b98fe7ddf5fc/download/bus_routes.csv
150X,Manly to Milsons Point (Express Service),Express,KD Northern Beaches,GSBC008,GSBC Contract 8,Inbound; Outbound,3,10.39,13.36,12.21,2026-08-28,https://opendata.transport.nsw.gov.au/data/dataset/5cc1f27a-984e-4d17-a158-c0a91fe5af5f/resource/be8727ce-4127-475e-9d27-b98fe7ddf5fc/download/bus_routes.csv
154X,Dee Why to Milsons Point (Express Service),Express,KD Northern Beaches,GSBC008,GSBC Contract 8,Inbound; Outbound,2,16.44,16.82,16.63,2026-08-28,https://opendata.transport.nsw.gov.au/data/dataset/5cc1f27a-984e-4d17-a158-c0a91fe5af5f/resource/be8727ce-4127-475e-9d27-b98fe7ddf5fc/download/bus_routes.csv
155,Bayview Garden Village to Frenchs Forest,Regular,KD Northern Beaches,GSBC008,GSBC Contract 8,Inbound; Outbound,7,4.95,20.19,14.74,2026-08-28,https://opendata.transport.nsw.gov.au/data/dataset/5cc1f27a-984e-4d17-a158-c0a91fe5af5f/resource/be8727ce-4127-475e-9d27-b98fe7ddf5fc/download/bus_routes.csv
156,McCarrs Creek to Mona Vale,Regular,KD Northern Beaches,GSBC008,GSBC Contract 8,Inbound; Outbound,3,7.75,8.51,8.07,2026-08-28,https://opendata.transport.nsw.gov.au/data/dataset/5cc1f27a-984e-4d17-a158-c0a91fe5af5f/resource/be8727ce-4127-475e-9d27-b98fe7ddf5fc/download/bus_routes.csv
160X,Dee Why to Chatswood via Frenchs Forest (Express),Limited Stops,KD Northern Beaches,GSBC008,GSBC Contract 8,Inbound; Outbound,2,14.44,14.7,14.57,2026-08-28,https://opendata.transport.nsw.gov.au/data/dataset/5cc1f27a-984e-4d17-a158-c0a91fe5af5f/resource/be8727ce-4127-475e-9d27-b98fe7ddf5fc/download/bus_routes.csv
161,Manly to North Head (Loop Service),Regular,KD Northern Beaches,GSBC008,GSBC Contract 8,Inbound,2,5.8,8.75,7.27,2026-08-28,https://opendata.transport.nsw.gov.au/data/dataset/5cc1f27a-984e-4d17-a158-c0a91fe5af5f/resource/be8727ce-4127-475e-9d27-b98fe7ddf5fc/download/bus_routes.csv
162,Seaforth to Manly,Regular,KD Northern Beaches,GSBC008,GSBC Contract 8,Inbound; Outbound,6,5.74,9.09,7.51,2026-08-28,https://opendata.transport.nsw.gov.au/data/dataset/5cc1f27a-984e-4d17-a158-c0a91fe5af5f/resource/be8727ce-4127-475e-9d27-b98fe7ddf5fc/download/bus_routes.csv
165X,South Curl Curl to City Wynyard (Express Service),Express,KD Northern Beaches,GSBC008,GSBC Contract 8,Inbound; Outbound,2,19.85,20.19,20.02,2026-08-28,https://opendata.transport.nsw.gov.au/data/dataset/5cc1f27a-984e-4d17-a158-c0a91fe5af5f/resource/be8727ce-4127-475e-9d27-b98fe7ddf5fc/download/bus_routes.csv
166,Frenchs Forest to Manly via Dee Why Beach,Regular,KD Northern Beaches,GSBC008,GSBC Contract 8,Inbound; Outbound,13,6.84,17.96,12.32,2026-08-28,https://opendata.transport.nsw.gov.au/data/dataset/5cc1f27a-984e-4d17-a158-c0a91fe5af5f/resource/be8727ce-4127-475e-9d27-b98fe7ddf5fc/download/bus_routes.csv
167,Warringah Mall to Manly via South Curl Curl,Regular,KD Northern Beaches,GSBC008,GSBC Contract 8,Inbound; Outbound,8,10.3,11.99,10.96,2026-08-28,https://opendata.transport.nsw.gov.au/data/dataset/5cc1f27a-984e-4d17-a158-c0a91fe5af5f/resource/be8727ce-4127-475e-9d27-b98fe7ddf5fc/download/bus_routes.csv
168X,Bvale / N Balg - Wynyard (Express),Express,KD Northern Beaches,GSBC008,GSBC Contract 8,Inbound; Outbound,2,13.92,14.2,14.06,2026-08-28,https://opendata.transport.nsw.gov.au/data/dataset/5cc1f27a-984e-4d17-a158-c0a91fe5af5f/resource/be8727ce-4127-475e-9d27-b98fe7ddf5fc/download/bus_routes.csv
170X,Manly to City Wynyard (Express Service),Express,KD Northern Beaches,GSBC008,GSBC Contract 8,Inbound; Outbound,2,13.87,14.17,14.02,2026-08-28,https://opendata.transport.nsw.gov.au/data/dataset/5cc1f27a-984e-4d17-a158-c0a91fe5af5f/resource/be8727ce-4127-475e-9d27-b98fe7ddf5fc/download/bus_routes.csv
171X,Manly - Wynyard (Express),Express,KD Northern Beaches,GSBC008,GSBC Contract 8,Inbound; Outbound,2,16.69,16.7,16.69,2026-08-28,https://opendata.transport.nsw.gov.au/data/dataset/5cc1f27a-984e-4d17-a158-c0a91fe5af5f/resource/be8727ce-4127-475e-9d27-b98fe7ddf5fc/download/bus_routes.csv
172X,Warringah Mall to City Wynyard via North Balgowlah,Express,KD Northern Beaches,GSBC008,GSBC Contract 8,Inbound; Outbound,11,6.47,21.07,14.87,2026-08-28,https://opendata.transport.nsw.gov.au/data/dataset/5cc1f27a-984e-4d17-a158-c0a91fe5af5f/resource/be8727ce-4127-475e-9d27-b98fe7ddf5fc/download/bus_routes.csv
173X,Warringah Mall to City Wynyard via Balgowlah Shops,Express,KD Northern Beaches,GSBC008,GSBC Contract 8,Inbound; Outbound,5,6.66,17.58,13.91,2026-08-28,https://opendata.transport.nsw.gov.au/data/dataset/5cc1f27a-984e-4d17-a158-c0a91fe5af5f/resource/be8727ce-4127-475e-9d27-b98fe7ddf5fc/download/bus_routes.csv
174X,Narraweena to City Wynyard (Express Service),Express,KD Northern Beaches,GSBC008,GSBC Contract 8,Inbound; Outbound,2,21.04,21.21,21.12,2026-08-28,https://opendata.transport.nsw.gov.au/data/dataset/5cc1f27a-984e-4d17-a158-c0a91fe5af5f/resource/be8727ce-4127-475e-9d27-b98fe7ddf5fc/download/bus_routes.csv
176X,Dee Why to City Wynyard via Nth Curl Curl (Express,Express,KD Northern Beaches,GSBC008,GSBC Contract 8,Inbound; Outbound,2,19.39,19.69,19.54,2026-08-28,https://opendata.transport.nsw.gov.au/data/dataset/5cc1f27a-984e-4d17-a158-c0a91fe5af5f/resource/be8727ce-4127-475e-9d27-b98fe7ddf5fc/download/bus_routes.csv
177,Dee Why to Warringah Mall,Regular,KD Northern Beaches,GSBC008,GSBC Contract 8,Inbound; Outbound,2,4.5,4.84,4.67,2026-08-28,https://opendata.transport.nsw.gov.au/data/dataset/5cc1f27a-984e-4d17-a158-c0a91fe5af5f/resource/be8727ce-4127-475e-9d27-b98fe7ddf5fc/download/bus_routes.csv
177X,Dee Why to City Wynyard via Wingala (Express),Express,KD Northern Beaches,GSBC008,GSBC Contract 8,Inbound; Outbound,2,19.42,19.72,19.57,2026-08-28,https://opendata.transport.nsw.gov.au/data/dataset/5cc1f27a-984e-4d17-a158-c0a91fe5af5f/resource/be8727ce-4127-475e-9d27-b98fe7ddf5fc/download/bus_routes.csv
178,Cromer Heights to Warringah Mall,Regular,KD Northern Beaches,GSBC008,GSBC Contract 8,Inbound; Outbound,5,6.37,9.29,7.9,2026-08-28,https://opendata.transport.nsw.gov.au/data/dataset/5cc1f27a-984e-4d17-a158-c0a91fe5af5f/resource/be8727ce-4127-475e-9d27-b98fe7ddf5fc/download/bus_routes.csv
179,Wheeler Heights to Warringah Mal,Regular,KD Northern Beaches,GSBC008,GSBC Contract 8,Inbound; Outbound,5,7.19,9.97,8.59,2026-08-28,https://opendata.transport.nsw.gov.au/data/dataset/5cc1f27a-984e-4d17-a158-c0a91fe5af5f/resource/be8727ce-4127-475e-9d27-b98fe7ddf5fc/download/bus_routes.csv
180,Collaroy Plateau to Warringah Mall,Regular,KD Northern Beaches,GSBC008,GSBC Contract 8,Inbound; Outbound,2,8.78,9.45,9.12,2026-08-28,https://opendata.transport.nsw.gov.au/data/dataset/5cc1f27a-984e-4d17-a158-c0a91fe5af5f/resource/be8727ce-4127-475e-9d27-b98fe7ddf5fc/download/bus_routes.csv
180X,Collaroy Plateau to City Wynyard (Express Service),Express,KD Northern Beaches,GSBC008,GSBC Contract 8,Inbound; Outbound,2,23.5,24.48,23.99,2026-08-28,https://opendata.transport.nsw.gov.au/data/dataset/5cc1f27a-984e-4d17-a158-c0a91fe5af5f/resource/be8727ce-4127-475e-9d27-b98fe7ddf5fc/download/bus_routes.csv
181X,Narrabeen to City Wynyard (Express Service),Express,KD Northern Beaches,GSBC008,GSBC Contract 8,Inbound; Outbound,2,22.86,23.47,23.17,2026-08-28,https://opendata.transport.nsw.gov.au/data/dataset/5cc1f27a-984e-4d17-a158-c0a91fe5af5f/resource/be8727ce-4127-475e-9d27-b98fe7ddf5fc/download/bus_routes.csv
182,Mona Vale to Narrabeen,Regular,KD Northern Beaches,GSBC008,GSBC Contract 8,Inbound; Outbound,10,2.65,14.24,9.8,2026-08-28,https://opendata.transport.nsw.gov.au/data/dataset/5cc1f27a-984e-4d17-a158-c0a91fe5af5f/resource/be8727ce-4127-475e-9d27-b98fe7ddf5fc/download/bus_routes.csv
185,Mona Vale to Narrabeen via Warriewood Valley,Limited Stops,KD Northern Beaches,GSBC008,GSBC Contract 8,Inbound; Outbound,2,8.41,8.46,8.43,2026-08-28,https://opendata.transport.nsw.gov.au/data/dataset/5cc1f27a-984e-4d17-a158-c0a91fe5af5f/resource/be8727ce-4127-475e-9d27-b98fe7ddf5fc/download/bus_routes.csv
190X,Avalon Beach to City Wynyard (Express Service),Limited Stops,KD Northern Beaches,GSBC008,GSBC Contract 8,Inbound; Outbound,2,35.73,36.13,35.93,2026-08-28,https://opendata.transport.nsw.gov.au/data/dataset/5cc1f27a-984e-4d17-a158-c0a91fe5af5f/resource/be8727ce-4127-475e-9d27-b98fe7ddf5fc/download/bus_routes.csv
191,Avalon Beach to Taylors Point (Loop Service),Regular,KD Northern Beaches,GSBC008,GSBC Contract 8,Inbound,6,5.09,11.31,8.81,2026-08-28,https://opendata.transport.nsw.gov.au/data/dataset/5cc1f27a-984e-4d17-a158-c0a91fe5af5f/resource/be8727ce-4127-475e-9d27-b98fe7ddf5fc/download/bus_routes.csv
192,Avalon Beach to Stokes Point (Loop Service),Regular,KD Northern Beaches,GSBC008,GSBC Contract 8,Inbound,4,6.7,7.35,7.04,2026-08-28,https://opendata.transport.nsw.gov.au/data/dataset/5cc1f27a-984e-4d17-a158-c0a91fe5af5f/resource/be8727ce-4127-475e-9d27-b98fe7ddf5fc/download/bus_routes.csv
193,Warringah Mall to Austlink via Frenchs Forest,Regular,CDC NSW R14,GSBC014,GSBC Contract 14,Inbound; Outbound,2,13.18,13.2,13.19,2026-08-28,https://opendata.transport.nsw.gov.au/data/dataset/5cc1f27a-984e-4d17-a158-c0a91fe5af5f/resource/be8727ce-4127-475e-9d27-b98fe7ddf5fc/download/bus_routes.csv
194,St Ives to City QVB,Regular,CDC NSW R14,GSBC014,GSBC Contract 14,Inbound; Outbound,2,25.42,25.89,25.65,2026-08-28,https://opendata.transport.nsw.gov.au/data/dataset/5cc1f27a-984e-4d17-a158-c0a91fe5af5f/resource/be8727ce-4127-475e-9d27-b98fe7ddf5fc/download/bus_routes.csv
194X,St Ives to City QVB,Regular,CDC NSW R14,GSBC014,GSBC Contract 14,Inbound; Outbound,2,25.79,26.19,25.99,2026-08-28,https://opendata.transport.nsw.gov.au/data/dataset/5cc1f27a-984e-4d17-a158-c0a91fe5af5f/resource/be8727ce-4127-475e-9d27-b98fe7ddf5fc/download/bus_routes.csv
195,Gordon to St Ives Ch (Loop Service),Regular,CDC NSW R14,GSBC014,GSBC Contract 14,Inbound,1,16.25,16.25,16.25,2026-08-28,https://opendata.transport.nsw.gov.au/data/dataset/5cc1f27a-984e-4d17-a158-c0a91fe5af5f/resource/be8727ce-4127-475e-9d27-b98fe7ddf5fc/download/bus_routes.csv
197,Mona Vale to Macquarie University via Gordon,Regular,CDC NSW R14,GSBC014,GSBC Contract 14,Inbound; Outbound,8,10.59,31.3,20.8,2026-08-28,https://opendata.transport.nsw.gov.au/data/dataset/5cc1f27a-984e-4d17-a158-c0a91fe5af5f/resource/be8727ce-4127-475e-9d27-b98fe7ddf5fc/download/bus_routes.csv
199,Palm Beach to Manly via Mona Vale & Dee Why,Regular,KD Northern Beaches,GSBC008,GSBC Contract 8,Inbound; Outbound,11,7.19,34.09,23.98,2026-08-28,https://opendata.transport.nsw.gov.au/data/dataset/5cc1f27a-984e-4d17-a158-c0a91fe5af5f/resource/be8727ce-4127-475e-9d27-b98fe7ddf5fc/download/bus_routes.csv
201,"Cremorne to City (Gresham St, via Freeway)",Regular,KD Northern Beaches,GSBC008,GSBC Contract 8,Inbound; Outbound,2,8.09,8.47,8.28,2026-08-28,https://opendata.transport.nsw.gov.au/data/dataset/5cc1f27a-984e-4d17-a158-c0a91fe5af5f/resource/be8727ce-4127-475e-9d27-b98fe7ddf5fc/download/bus_routes.csv
202,Northbridge to City via North Sydney,Regular,Busways North West,GSBC007,GSBC Contract 7,Inbound; Outbound,7,3.21,9.76,6.82,2026-08-28,https://opendata.transport.nsw.gov.au/data/dataset/5cc1f27a-984e-4d17-a158-c0a91fe5af5f/resource/be8727ce-4127-475e-9d27-b98fe7ddf5fc/download/bus_routes.csv
203,Castlecrag to North Sydney,Regular,Busways North West,GSBC007,GSBC Contract 7,Inbound; Outbound,3,6.07,7.69,7.15,2026-08-28,https://opendata.transport.nsw.gov.au/data/dataset/5cc1f27a-984e-4d17-a158-c0a91fe5af5f/resource/be8727ce-4127-475e-9d27-b98fe7ddf5fc/download/bus_routes.csv
204,Northbridge to City via Freeway,Regular,Busways North West,GSBC007,GSBC Contract 7,Inbound; Outbound,3,5.85,9.37,8.07,2026-08-28,https://opendata.transport.nsw.gov.au/data/dataset/5cc1f27a-984e-4d17-a158-c0a91fe5af5f/resource/be8727ce-4127-475e-9d27-b98fe7ddf5fc/download/bus_routes.csv
205,Willoughby Depot to City via Freeway,Regular,Busways North West,GSBC007,GSBC Contract 7,Inbound; Outbound,2,9.7,10.16,9.93,2026-08-28,https://opendata.transport.nsw.gov.au/data/dataset/5cc1f27a-984e-4d17-a158-c0a91fe5af5f/resource/be8727ce-4127-475e-9d27-b98fe7ddf5fc/download/bus_routes.csv
206,East Lindfield to City via Freeway,Regular,Busways North West,GSBC007,GSBC Contract 7,Inbound; Outbound,3,11.91,14.98,13.81,2026-08-28,https://opendata.transport.nsw.gov.au/data/dataset/5cc1f27a-984e-4d17-a158-c0a91fe5af5f/resource/be8727ce-4127-475e-9d27-b98fe7ddf5fc/download/bus_routes.csv
207,East Lindfield to City via North Sydney,Regular,Busways North West,GSBC007,GSBC Contract 7,Inbound; Outbound,10,5.73,16.71,12.65,2026-08-28,https://opendata.transport.nsw.gov.au/data/dataset/5cc1f27a-984e-4d17-a158-c0a91fe5af5f/resource/be8727ce-4127-475e-9d27-b98fe7ddf5fc/download/bus_routes.csv
208,East Lindfield to City via Northbridge,Regular,Busways North West,GSBC007,GSBC Contract 7,Inbound; Outbound,3,13.95,19.49,17.4,2026-08-28,https://opendata.transport.nsw.gov.au/data/dataset/5cc1f27a-984e-4d17-a158-c0a91fe5af5f/resource/be8727ce-4127-475e-9d27-b98fe7ddf5fc/download/bus_routes.csv
209,East Lindfield to Milsons Point,Regular,Busways North West,GSBC007,GSBC Contract 7,Inbound; Outbound,7,5.34,13.03,9.22,2026-08-28,https://opendata.transport.nsw.gov.au/data/dataset/5cc1f27a-984e-4d17-a158-c0a91fe5af5f/resource/be8727ce-4127-475e-9d27-b98fe7ddf5fc/download/bus_routes.csv
225,Neutral Bay Wharf - Cremorne Wharf,Regular,KD Northern Beaches,GSBC008,GSBC Contract 8,Inbound; Outbound,12,1.33,7.73,3.76,2026-08-28,https://opendata.transport.nsw.gov.au/data/dataset/5cc1f27a-984e-4d17-a158-c0a91fe5af5f/resource/be8727ce-4127-475e-9d27-b98fe7ddf5fc/download/bus_routes.csv
228,Clifton Gardens to Milsons Point,Regular,KD Northern Beaches,GSBC008,GSBC Contract 8,Inbound; Outbound,2,2.98,3.1,3.04,2026-08-28,https://opendata.transport.nsw.gov.au/data/dataset/5cc1f27a-984e-4d17-a158-c0a91fe5af5f/resource/be8727ce-4127-475e-9d27-b98fe7ddf5fc/download/bus_routes.csv
229,Beauty Point to Milsons Point via Balmoral Heights,Regular,KD Northern Beaches,GSBC008,GSBC Contract 8,Inbound; Outbound,4,0.92,9.24,6.68,2026-08-28,https://opendata.transport.nsw.gov.au/data/dataset/5cc1f27a-984e-4d17-a158-c0a91fe5af5f/resource/be8727ce-4127-475e-9d27-b98fe7ddf5fc/download/bus_routes.csv
230,Mosman Bay Wharf to Milsons Point via North Sydney,Regular,KD Northern Beaches,GSBC008,GSBC Contract 8,Inbound; Outbound,8,2.43,8.74,6.96,2026-08-28,https://opendata.transport.nsw.gov.au/data/dataset/5cc1f27a-984e-4d17-a158-c0a91fe5af5f/resource/be8727ce-4127-475e-9d27-b98fe7ddf5fc/download/bus_routes.csv
238,Balmoral - Taronga Zoo Wharf,Regular,KD Northern Beaches,GSBC008,GSBC Contract 8,Inbound; Outbound,3,1.17,6.22,4.12,2026-08-28,https://opendata.transport.nsw.gov.au/data/dataset/5cc1f27a-984e-4d17-a158-c0a91fe5af5f/resource/be8727ce-4127-475e-9d27-b98fe7ddf5fc/download/bus_routes.csv
243,Spit Jct to Neutral Bay and City via Nth Cremorne,Regular,KD Northern Beaches,GSBC008,GSBC Contract 8,Inbound; Outbound,4,3.41,8.98,6.24,2026-08-28,https://opendata.transport.nsw.gov.au/data/dataset/5cc1f27a-984e-4d17-a158-c0a91fe5af5f/resource/be8727ce-4127-475e-9d27-b98fe7ddf5fc/download/bus_routes.csv
246,Balmoral Heights to City Wynyard,Regular,KD Northern Beaches,GSBC008,GSBC Contract 8,Inbound; Outbound,2,9.37,10.2,9.78,2026-08-28,https://opendata.transport.nsw.gov.au/data/dataset/5cc1f27a-984e-4d17-a158-c0a91fe5af5f/resource/be8727ce-4127-475e-9d27-b98fe7ddf5fc/download/bus_routes.csv
249,Beauty Point to City Wynyard,Regular,KD Northern Beaches,GSBC008,GSBC Contract 8,Inbound; Outbound,3,8.99,10.2,9.58,2026-08-28,https://opendata.transport.nsw.gov.au/data/dataset/5cc1f27a-984e-4d17-a158-c0a91fe5af5f/resource/be8727ce-4127-475e-9d27-b98fe7ddf5fc/download/bus_routes.csv
251,Lane Cove West to City via Freeway,Regular,Busways North West,GSBC007,GSBC Contract 7,Inbound; Outbound,2,12.02,12.18,12.1,2026-08-28,https://opendata.transport.nsw.gov.au/data/dataset/5cc1f27a-984e-4d17-a158-c0a91fe5af5f/resource/be8727ce-4127-475e-9d27-b98fe7ddf5fc/download/bus_routes.csv
252,Gladesville to North Sydney via Lane Cove,Regular,Busways North West,GSBC007,GSBC Contract 7,Inbound; Outbound,2,13.23,13.49,13.36,2026-08-28,https://opendata.transport.nsw.gov.au/data/dataset/5cc1f27a-984e-4d17-a158-c0a91fe5af5f/resource/be8727ce-4127-475e-9d27-b98fe7ddf5fc/download/bus_routes.csv
253,Riverview to City via Freeway,Regular,Busways North West,GSBC007,GSBC Contract 7,Inbound; Outbound,2,14.68,15.2,14.94,2026-08-28,https://opendata.transport.nsw.gov.au/data/dataset/5cc1f27a-984e-4d17-a158-c0a91fe5af5f/resource/be8727ce-4127-475e-9d27-b98fe7ddf5fc/download/bus_routes.csv
254,Riverview to McMahons Point,Regular,Busways North West,GSBC007,GSBC Contract 7,Inbound; Outbound,13,1.32,20.65,10.99,2026-08-28,https://opendata.transport.nsw.gov.au/data/dataset/5cc1f27a-984e-4d17-a158-c0a91fe5af5f/resource/be8727ce-4127-475e-9d27-b98fe7ddf5fc/download/bus_routes.csv
255,Beaconsfield Rd to Chatswood,Regular,Busways North West,GSBC007,GSBC Contract 7,Inbound; Outbound,2,3.25,3.3,3.28,2026-08-28,https://opendata.transport.nsw.gov.au/data/dataset/5cc1f27a-984e-4d17-a158-c0a91fe5af5f/resource/be8727ce-4127-475e-9d27-b98fe7ddf5fc/download/bus_routes.csv
256,Chatswood West to Chatswood,Regular,Busways North West,GSBC007,GSBC Contract 7,Inbound,4,3.35,7.17,5.19,2026-08-28,https://opendata.transport.nsw.gov.au/data/dataset/5cc1f27a-984e-4d17-a158-c0a91fe5af5f/resource/be8727ce-4127-475e-9d27-b98fe7ddf5fc/download/bus_routes.csv
258,"Chatswood to Mars Rd, Lane Cove West",Regular,Busways North West,GSBC007,GSBC Contract 7,Inbound; Outbound,2,5.58,6.89,6.23,2026-08-28,https://opendata.transport.nsw.gov.au/data/dataset/5cc1f27a-984e-4d17-a158-c0a91fe5af5f/resource/be8727ce-4127-475e-9d27-b98fe7ddf5fc/download/bus_routes.csv
260,Terrey Hills to North Sydney,Regular,CDC NSW R14,GSBC014,GSBC Contract 14,Inbound; Outbound,2,21.65,22.47,22.06,2026-08-28,https://opendata.transport.nsw.gov.au/data/dataset/5cc1f27a-984e-4d17-a158-c0a91fe5af5f/resource/be8727ce-4127-475e-9d27-b98fe7ddf5fc/download/bus_routes.csv
261,Lane Cove to North Sydney via Longueville,Regular,Busways North West,GSBC007,GSBC Contract 7,Inbound; Outbound,6,4.51,12.61,9.86,2026-08-28,https://opendata.transport.nsw.gov.au/data/dataset/5cc1f27a-984e-4d17-a158-c0a91fe5af5f/resource/be8727ce-4127-475e-9d27-b98fe7ddf5fc/download/bus_routes.csv
263,Crows Nest - Gresham Street,Regular,KD Northern Beaches,GSBC008,GSBC Contract 8,Inbound; Outbound,9,6.31,12.68,9.69,2026-08-28,https://opendata.transport.nsw.gov.au/data/dataset/5cc1f27a-984e-4d17-a158-c0a91fe5af5f/resource/be8727ce-4127-475e-9d27-b98fe7ddf5fc/download/bus_routes.csv
265,Lane Cove to North Sydney via Wollstonecraft,Regular,Busways North West,GSBC007,GSBC Contract 7,Inbound; Outbound,9,4.98,15.36,11.64,2026-08-28,https://opendata.transport.nsw.gov.au/data/dataset/5cc1f27a-984e-4d17-a158-c0a91fe5af5f/resource/be8727ce-4127-475e-9d27-b98fe7ddf5fc/download/bus_routes.csv
267,Chatswood to Greenwich via Northbridge,Regular,Busways North West,GSBC007,GSBC Contract 7,Inbound; Outbound,4,4.05,12.59,8.29,2026-08-28,https://opendata.transport.nsw.gov.au/data/dataset/5cc1f27a-984e-4d17-a158-c0a91fe5af5f/resource/be8727ce-4127-475e-9d27-b98fe7ddf5fc/download/bus_routes.csv
269,North Sydney to Kirribilli (Loop Service),Regular,Busways North West,GSBC007,GSBC Contract 7,Inbound,1,4.68,4.68,4.68,2026-08-28,https://opendata.transport.nsw.gov.au/data/dataset/5cc1f27a-984e-4d17-a158-c0a91fe5af5f/resource/be8727ce-4127-475e-9d27-b98fe7ddf5fc/download/bus_routes.csv
270,Terrey Hills to City QVB,Regular,CDC NSW R14,GSBC014,GSBC Contract 14,Inbound; Outbound,5,8.36,26.71,20.65,2026-08-28,https://opendata.transport.nsw.gov.au/data/dataset/5cc1f27a-984e-4d17-a158-c0a91fe5af5f/resource/be8727ce-4127-475e-9d27-b98fe7ddf5fc/download/bus_routes.csv
271,Belrose to City QVB,Regular,CDC NSW R14,GSBC014,GSBC Contract 14,Inbound; Outbound,5,25.8,29.3,27.45,2026-08-28,https://opendata.transport.nsw.gov.au/data/dataset/5cc1f27a-984e-4d17-a158-c0a91fe5af5f/resource/be8727ce-4127-475e-9d27-b98fe7ddf5fc/download/bus_routes.csv
273,Killarney Hgts to City QVB via Forestville,Regular,CDC NSW R14,GSBC014,GSBC Contract 14,Inbound,1,21.31,21.31,21.31,2026-08-28,https://opendata.transport.nsw.gov.au/data/dataset/5cc1f27a-984e-4d17-a158-c0a91fe5af5f/resource/be8727ce-4127-475e-9d27-b98fe7ddf5fc/download/bus_routes.csv
274,City QVB to Davidson via Frenchs Forest,Regular,CDC NSW R14,GSBC014,GSBC Contract 14,Inbound; Outbound,2,25.8,27.99,26.9,2026-08-28,https://opendata.transport.nsw.gov.au/data/dataset/5cc1f27a-984e-4d17-a158-c0a91fe5af5f/resource/be8727ce-4127-475e-9d27-b98fe7ddf5fc/download/bus_routes.csv
275,Castlecrag to Chatswood via Middle Cove,Regular,Busways North West,GSBC007,GSBC Contract 7,Inbound; Outbound,2,8.32,8.93,8.62,2026-08-28,https://opendata.transport.nsw.gov.au/data/dataset/5cc1f27a-984e-4d17-a158-c0a91fe5af5f/resource/be8727ce-4127-475e-9d27-b98fe7ddf5fc/download/bus_routes.csv
277,Castle Cove to Chatswood,Regular,CDC NSW R14,GSBC014,GSBC Contract 14,Inbound,2,6.13,11.7,8.92,2026-08-28,https://opendata.transport.nsw.gov.au/data/dataset/5cc1f27a-984e-4d17-a158-c0a91fe5af5f/resource/be8727ce-4127-475e-9d27-b98fe7ddf5fc/download/bus_routes.csv
278,Chatswood to Killarney Hgts (Loop Service),Regular,CDC NSW R14,GSBC014,GSBC Contract 14,Inbound,5,6.56,19.99,14.12,2026-08-28,https://opendata.transport.nsw.gov.au/data/dataset/5cc1f27a-984e-4d17-a158-c0a91fe5af5f/resource/be8727ce-4127-475e-9d27-b98fe7ddf5fc/download/bus_routes.csv
279,Frenchs Forest to Chatswood,Regular,CDC NSW R14,GSBC014,GSBC Contract 14,Inbound,2,11.55,11.78,11.67,2026-08-28,https://opendata.transport.nsw.gov.au/data/dataset/5cc1f27a-984e-4d17-a158-c0a91fe5af5f/resource/be8727ce-4127-475e-9d27-b98fe7ddf5fc/download/bus_routes.csv
280,Warringah Mall to Chatswood,Regular,KD Northern Beaches,GSBC008,GSBC Contract 8,Inbound; Outbound,3,7.83,16.24,13.36,2026-08-28,https://opendata.transport.nsw.gov.au/data/dataset/5cc1f27a-984e-4d17-a158-c0a91fe5af5f/resource/be8727ce-4127-475e-9d27-b98fe7ddf5fc/download/bus_routes.csv
281,Davidson to Chatswood,Regular,CDC NSW R14,GSBC014,GSBC Contract 14,Inbound,4,17.61,28.05,20.62,2026-08-28,https://opendata.transport.nsw.gov.au/data/dataset/5cc1f27a-984e-4d17-a158-c0a91fe5af5f/resource/be8727ce-4127-475e-9d27-b98fe7ddf5fc/download/bus_routes.csv
283,Belrose to Chatswood,Regular,CDC NSW R14,GSBC014,GSBC Contract 14,Inbound,4,10.28,27.08,16.97,2026-08-28,https://opendata.transport.nsw.gov.au/data/dataset/5cc1f27a-984e-4d17-a158-c0a91fe5af5f/resource/be8727ce-4127-475e-9d27-b98fe7ddf5fc/download/bus_routes.csv
284,Duffys Forest to Terrey Hills and Chatswood,Regular,CDC NSW R14,GSBC014,GSBC Contract 14,Inbound; Outbound,8,5.56,22.19,12.93,2026-08-28,https://opendata.transport.nsw.gov.au/data/dataset/5cc1f27a-984e-4d17-a158-c0a91fe5af5f/resource/be8727ce-4127-475e-9d27-b98fe7ddf5fc/download/bus_routes.csv
285,"Mars Rd, Lane Cove West to City via Freeway",Regular,Busways North West,GSBC007,GSBC Contract 7,Inbound; Outbound,3,12.46,12.92,12.61,2026-08-28,https://opendata.transport.nsw.gov.au/data/dataset/5cc1f27a-984e-4d17-a158-c0a91fe5af5f/resource/be8727ce-4127-475e-9d27-b98fe7ddf5fc/download/bus_routes.csv
286,Denistone East to Milsons Point via Lane Cove,Regular,Busways North West,GSBC007,GSBC Contract 7,Inbound; Outbound,3,12.64,16.42,14.93,2026-08-28,https://opendata.transport.nsw.gov.au/data/dataset/5cc1f27a-984e-4d17-a158-c0a91fe5af5f/resource/be8727ce-4127-475e-9d27-b98fe7ddf5fc/download/bus_routes.csv
287,Ryde Depot to Milsons Point via Lane Cove,Regular,Busways North West,GSBC007,GSBC Contract 7,Inbound; Outbound,2,17.21,17.8,17.5,2026-08-28,https://opendata.transport.nsw.gov.au/data/dataset/5cc1f27a-984e-4d17-a158-c0a91fe5af5f/resource/be8727ce-4127-475e-9d27-b98fe7ddf5fc/download/bus_routes.csv
288,Macquarie University to City via Freeway,Regular,Busways North West,GSBC007,GSBC Contract 7,Inbound; Outbound,5,12.65,20.03,18.05,2026-08-28,https://opendata.transport.nsw.gov.au/data/dataset/5cc1f27a-984e-4d17-a158-c0a91fe5af5f/resource/be8727ce-4127-475e-9d27-b98fe7ddf5fc/download/bus_routes.csv
290,Epping to City via North Sydney (Night Service),Regular,Busways North West,GSBC007,GSBC Contract 7,Inbound; Outbound,4,9.54,21.01,17.09,2026-08-28,https://opendata.transport.nsw.gov.au/data/dataset/5cc1f27a-984e-4d17-a158-c0a91fe5af5f/resource/be8727ce-4127-475e-9d27-b98fe7ddf5fc/download/bus_routes.csv
291,Epping to McMahons Point via Macquarie Centre,Regular,Busways North West,GSBC007,GSBC Contract 7,Inbound; Outbound,6,16.72,18.19,17.45,2026-08-28,https://opendata.transport.nsw.gov.au/data/dataset/5cc1f27a-984e-4d17-a158-c0a91fe5af5f/resource/be8727ce-4127-475e-9d27-b98fe7ddf5fc/download/bus_routes.csv
292,Marsfield to City via Mowbray Rd & Freeway,Regular,Busways North West,GSBC007,GSBC Contract 7,Inbound; Outbound,7,12.72,24.25,18.12,2026-08-28,https://opendata.transport.nsw.gov.au/data/dataset/5cc1f27a-984e-4d17-a158-c0a91fe5af5f/resource/be8727ce-4127-475e-9d27-b98fe7ddf5fc/download/bus_routes.csv
293,Marsfield to City via Lane Cove Tunnel,Express,Busways North West,GSBC007,GSBC Contract 7,Inbound; Outbound,3,17.22,20.14,19.02,2026-08-28,https://opendata.transport.nsw.gov.au/data/dataset/5cc1f27a-984e-4d17-a158-c0a91fe5af5f/resource/be8727ce-4127-475e-9d27-b98fe7ddf5fc/download/bus_routes.csv
295,Epping to North Epping (Loop Service),Regular,Busways North West,GSBC007,GSBC Contract 7,Inbound,1,8.52,8.52,8.52,2026-08-28,https://opendata.transport.nsw.gov.au/data/dataset/5cc1f27a-984e-4d17-a158-c0a91fe5af5f/resource/be8727ce-4127-475e-9d27-b98fe7ddf5fc/download/bus_routes.csv
297,Denistone East to City via Lane Cove Tunnel,Express,Busways North West,GSBC007,GSBC Contract 7,Inbound; Outbound,2,18.3,18.72,18.51,2026-08-28,https://opendata.transport.nsw.gov.au/data/dataset/5cc1f27a-984e-4d17-a158-c0a91fe5af5f/resource/be8727ce-4127-475e-9d27-b98fe7ddf5fc/download/bus_routes.csv
301,Eastgardens to Rosebery,Regular,U-Go Mobility,GSBC010,GSBC Contract 10,Inbound,3,8.79,18.14,12.1,2026-08-28,https://opendata.transport.nsw.gov.au/data/dataset/5cc1f27a-984e-4d17-a158-c0a91fe5af5f/resource/be8727ce-4127-475e-9d27-b98fe7ddf5fc/download/bus_routes.csv
303,Sans Souci to Prince of Wales Hospital via Mascot,Regular,Transit Systems,SBSC006,SBSC Contract 6,Inbound; Outbound,7,5.76,20.61,14.04,2026-08-28,https://opendata.transport.nsw.gov.au/data/dataset/5cc1f27a-984e-4d17-a158-c0a91fe5af5f/resource/be8727ce-4127-475e-9d27-b98fe7ddf5fc/download/bus_routes.csv
304,Rosebery to Circular Quay,Regular,Transdev John Holland Buses,GSBC009,GSBC Contract 9,Inbound,4,5.48,13.01,7.87,2026-08-28,https://opendata.transport.nsw.gov.au/data/dataset/5cc1f27a-984e-4d17-a158-c0a91fe5af5f/resource/be8727ce-4127-475e-9d27-b98fe7ddf5fc/download/bus_routes.csv
305,Redfern Station - Qantas Mascot,Regular,Transit Systems,SBSC006,SBSC Contract 6,Inbound; Outbound,2,5.23,5.35,5.29,2026-08-28,https://opendata.transport.nsw.gov.au/data/dataset/5cc1f27a-984e-4d17-a158-c0a91fe5af5f/resource/be8727ce-4127-475e-9d27-b98fe7ddf5fc/download/bus_routes.csv
306,Mascot to Redfern (LOOP SERVICE),Regular,Transdev John Holland Buses,GSBC009,GSBC Contract 9,Inbound,6,7.88,18.71,11.98,2026-08-28,https://opendata.transport.nsw.gov.au/data/dataset/5cc1f27a-984e-4d17-a158-c0a91fe5af5f/resource/be8727ce-4127-475e-9d27-b98fe7ddf5fc/download/bus_routes.csv
307,Eastgardens to Marrickville Metro,Regular,Transdev John Holland Buses,GSBC009,GSBC Contract 9,Inbound,3,7.85,16.17,10.78,2026-08-28,https://opendata.transport.nsw.gov.au/data/dataset/5cc1f27a-984e-4d17-a158-c0a91fe5af5f/resource/be8727ce-4127-475e-9d27-b98fe7ddf5fc/download/bus_routes.csv
308,Marrickville Metro - Central via Redfern - Mame,Regular,Transit Systems,SBSC006,SBSC Contract 6,Inbound,5,6.29,15.77,12.34,2026-08-28,https://opendata.transport.nsw.gov.au/data/dataset/5cc1f27a-984e-4d17-a158-c0a91fe5af5f/resource/be8727ce-4127-475e-9d27-b98fe7ddf5fc/download/bus_routes.csv
309,Redfern Station - Port Botany Depot,Regular,Transdev John Holland Buses,GSBC009,GSBC Contract 9,Inbound; Outbound,2,13.73,13.85,13.79,2026-08-28,https://opendata.transport.nsw.gov.au/data/dataset/5cc1f27a-984e-4d17-a158-c0a91fe5af5f/resource/be8727ce-4127-475e-9d27-b98fe7ddf5fc/download/bus_routes.csv
310,Botany Shops to Central Station,Regular,Transdev John Holland Buses,GSBC009,GSBC Contract 9,Inbound; Outbound,2,10.26,10.43,10.34,2026-08-28,https://opendata.transport.nsw.gov.au/data/dataset/5cc1f27a-984e-4d17-a158-c0a91fe5af5f/resource/be8727ce-4127-475e-9d27-b98fe7ddf5fc/download/bus_routes.csv
311,Railway Sq -  Millers Point,Regular,Transdev John Holland Buses,GSBC009,GSBC Contract 9,Inbound; Outbound,2,10,10.15,10.07,2026-08-28,https://opendata.transport.nsw.gov.au/data/dataset/5cc1f27a-984e-4d17-a158-c0a91fe5af5f/resource/be8727ce-4127-475e-9d27-b98fe7ddf5fc/download/bus_routes.csv
313,Coogee - Bondi Junction,Regular,Transdev John Holland Buses,GSBC009,GSBC Contract 9,Inbound; Outbound,2,4.83,5.11,4.97,2026-08-28,https://opendata.transport.nsw.gov.au/data/dataset/5cc1f27a-984e-4d17-a158-c0a91fe5af5f/resource/be8727ce-4127-475e-9d27-b98fe7ddf5fc/download/bus_routes.csv
320,Green Square to Gore Hill via Central,Regular,Transit Systems,SBSC006,SBSC Contract 6,Inbound,3,4.56,9.54,6.36,2026-08-28,https://opendata.transport.nsw.gov.au/data/dataset/5cc1f27a-984e-4d17-a158-c0a91fe5af5f/resource/be8727ce-4127-475e-9d27-b98fe7ddf5fc/download/bus_routes.csv
323,Dover Hts - Edgecliff Interchange,Regular,Transdev John Holland Buses,GSBC009,GSBC Contract 9,Inbound; Outbound,2,8.33,8.42,8.37,2026-08-28,https://opendata.transport.nsw.gov.au/data/dataset/5cc1f27a-984e-4d17-a158-c0a91fe5af5f/resource/be8727ce-4127-475e-9d27-b98fe7ddf5fc/download/bus_routes.csv
324,Watsons Bay - Walsh Bay,Regular,Transdev John Holland Buses,GSBC009,GSBC Contract 9,Inbound; Outbound,7,6.14,14,9.69,2026-08-28,https://opendata.transport.nsw.gov.au/data/dataset/5cc1f27a-984e-4d17-a158-c0a91fe5af5f/resource/be8727ce-4127-475e-9d27-b98fe7ddf5fc/download/bus_routes.csv
325,Watsons Bay - Walsh Bay,Regular,Transdev John Holland Buses,GSBC009,GSBC Contract 9,Inbound; Outbound,4,9.55,15.32,12.34,2026-08-28,https://opendata.transport.nsw.gov.au/data/dataset/5cc1f27a-984e-4d17-a158-c0a91fe5af5f/resource/be8727ce-4127-475e-9d27-b98fe7ddf5fc/download/bus_routes.csv
326,Bondi Jct - Edgecliff Interchange,Regular,Transdev John Holland Buses,GSBC009,GSBC Contract 9,Inbound; Outbound,3,2.27,7.28,5.54,2026-08-28,https://opendata.transport.nsw.gov.au/data/dataset/5cc1f27a-984e-4d17-a158-c0a91fe5af5f/resource/be8727ce-4127-475e-9d27-b98fe7ddf5fc/download/bus_routes.csv
327,Bji - Edgecliff,Regular,Transdev John Holland Buses,GSBC009,GSBC Contract 9,Inbound; Outbound,2,4.88,5.05,4.97,2026-08-28,https://opendata.transport.nsw.gov.au/data/dataset/5cc1f27a-984e-4d17-a158-c0a91fe5af5f/resource/be8727ce-4127-475e-9d27-b98fe7ddf5fc/download/bus_routes.csv
328,BJI - Edgecliff - Darling Point - BJI,Regular,Transdev John Holland Buses,GSBC009,GSBC Contract 9,Inbound,1,9.16,9.16,9.16,2026-08-28,https://opendata.transport.nsw.gov.au/data/dataset/5cc1f27a-984e-4d17-a158-c0a91fe5af5f/resource/be8727ce-4127-475e-9d27-b98fe7ddf5fc/download/bus_routes.csv
333,North Bondi to Circular Quay,Limited Stops,Transdev John Holland Buses,GSBC009,GSBC Contract 9,Inbound; Outbound,4,10.08,10.1,10.09,2026-08-28,https://opendata.transport.nsw.gov.au/data/dataset/5cc1f27a-984e-4d17-a158-c0a91fe5af5f/resource/be8727ce-4127-475e-9d27-b98fe7ddf5fc/download/bus_routes.csv
339,Clovelly - Central Belmore Park,Regular,Transdev John Holland Buses,GSBC009,GSBC Contract 9,Inbound,3,7.69,15.79,10.52,2026-08-28,https://opendata.transport.nsw.gov.au/data/dataset/5cc1f27a-984e-4d17-a158-c0a91fe5af5f/resource/be8727ce-4127-475e-9d27-b98fe7ddf5fc/download/bus_routes.csv
339X,Clovelly to City Museum (Express Service),Express,Transdev John Holland Buses,GSBC009,GSBC Contract 9,Inbound; Outbound,2,9.31,10.7,10,2026-08-28,https://opendata.transport.nsw.gov.au/data/dataset/5cc1f27a-984e-4d17-a158-c0a91fe5af5f/resource/be8727ce-4127-475e-9d27-b98fe7ddf5fc/download/bus_routes.csv
342,Daceyville - Kingsford,Regular,Transdev John Holland Buses,GSBC009,GSBC Contract 9,Inbound; Outbound,2,0.66,0.84,0.75,2026-08-28,https://opendata.transport.nsw.gov.au/data/dataset/5cc1f27a-984e-4d17-a158-c0a91fe5af5f/resource/be8727ce-4127-475e-9d27-b98fe7ddf5fc/download/bus_routes.csv
343,Kingsford - Circular Quay,Regular,Transdev John Holland Buses,GSBC009,GSBC Contract 9,Inbound; Outbound,2,9.68,10.03,9.86,2026-08-28,https://opendata.transport.nsw.gov.au/data/dataset/5cc1f27a-984e-4d17-a158-c0a91fe5af5f/resource/be8727ce-4127-475e-9d27-b98fe7ddf5fc/download/bus_routes.csv
348,Wolli Creek to Prince of Wales Hospital,Regular,Transit Systems,SBSC006,SBSC Contract 6,Inbound; Outbound,4,5.59,12.89,9.11,2026-08-28,https://opendata.transport.nsw.gov.au/data/dataset/5cc1f27a-984e-4d17-a158-c0a91fe5af5f/resource/be8727ce-4127-475e-9d27-b98fe7ddf5fc/download/bus_routes.csv
350,Bondi Junction - Domestic Airport,Regular,Transdev John Holland Buses,GSBC009,GSBC Contract 9,Inbound; Outbound,9,8.48,19.35,15.03,2026-08-28,https://opendata.transport.nsw.gov.au/data/dataset/5cc1f27a-984e-4d17-a158-c0a91fe5af5f/resource/be8727ce-4127-475e-9d27-b98fe7ddf5fc/download/bus_routes.csv
352,Bondi Jct - Newtown - M.Metro,Regular,Transdev John Holland Buses,GSBC009,GSBC Contract 9,Inbound; Outbound,3,7.12,10.79,9.47,2026-08-28,https://opendata.transport.nsw.gov.au/data/dataset/5cc1f27a-984e-4d17-a158-c0a91fe5af5f/resource/be8727ce-4127-475e-9d27-b98fe7ddf5fc/download/bus_routes.csv
355,Bondi Junction - Marrickville Metro,Regular,Transdev John Holland Buses,GSBC009,GSBC Contract 9,Inbound; Outbound,4,11.47,12.88,12.17,2026-08-28,https://opendata.transport.nsw.gov.au/data/dataset/5cc1f27a-984e-4d17-a158-c0a91fe5af5f/resource/be8727ce-4127-475e-9d27-b98fe7ddf5fc/download/bus_routes.csv
356,Bondi Junction to Eastgardens,Regular,Transdev John Holland Buses,GSBC009,GSBC Contract 9,Inbound; Outbound,7,8.12,13.45,11.22,2026-08-28,https://opendata.transport.nsw.gov.au/data/dataset/5cc1f27a-984e-4d17-a158-c0a91fe5af5f/resource/be8727ce-4127-475e-9d27-b98fe7ddf5fc/download/bus_routes.csv
358,Sydenham to Randwick Junction (Loop Service),Regular,Transit Systems,SBSC006,SBSC Contract 6,Inbound,1,19.63,19.63,19.63,2026-08-28,https://opendata.transport.nsw.gov.au/data/dataset/5cc1f27a-984e-4d17-a158-c0a91fe5af5f/resource/be8727ce-4127-475e-9d27-b98fe7ddf5fc/download/bus_routes.csv
360,Clovelly Nth - Waverley - BJI,Regular,Transdev John Holland Buses,GSBC009,GSBC Contract 9,Inbound; Outbound,4,2.89,6.28,4.61,2026-08-28,https://opendata.transport.nsw.gov.au/data/dataset/5cc1f27a-984e-4d17-a158-c0a91fe5af5f/resource/be8727ce-4127-475e-9d27-b98fe7ddf5fc/download/bus_routes.csv
362,Coogee Bch - Rose Bay via Bondi Beach,Regular,Transdev John Holland Buses,GSBC009,GSBC Contract 9,Inbound; Outbound,2,9.47,9.49,9.48,2026-08-28,https://opendata.transport.nsw.gov.au/data/dataset/5cc1f27a-984e-4d17-a158-c0a91fe5af5f/resource/be8727ce-4127-475e-9d27-b98fe7ddf5fc/download/bus_routes.csv
370,The University of Sydney - Coogee,Regular,Transdev John Holland Buses,GSBC009,GSBC Contract 9,Inbound; Outbound,6,3.88,15.69,9.96,2026-08-28,https://opendata.transport.nsw.gov.au/data/dataset/5cc1f27a-984e-4d17-a158-c0a91fe5af5f/resource/be8727ce-4127-475e-9d27-b98fe7ddf5fc/download/bus_routes.csv
373,Coogee - City Museum (LOOP SERVICE),Regular,Transdev John Holland Buses,GSBC009,GSBC Contract 9,Inbound,3,2.74,16.95,7.49,2026-08-28,https://opendata.transport.nsw.gov.au/data/dataset/5cc1f27a-984e-4d17-a158-c0a91fe5af5f/resource/be8727ce-4127-475e-9d27-b98fe7ddf5fc/download/bus_routes.csv
373X,Coogee - City (Express),Express,Transdev John Holland Buses,GSBC009,GSBC Contract 9,Inbound; Outbound,3,8.84,10.75,9.7,2026-08-28,https://opendata.transport.nsw.gov.au/data/dataset/5cc1f27a-984e-4d17-a158-c0a91fe5af5f/resource/be8727ce-4127-475e-9d27-b98fe7ddf5fc/download/bus_routes.csv
374,Coogee North - Central Belmore Park,Regular,Transdev John Holland Buses,GSBC009,GSBC Contract 9,Inbound; Outbound,2,7.4,8.45,7.92,2026-08-28,https://opendata.transport.nsw.gov.au/data/dataset/5cc1f27a-984e-4d17-a158-c0a91fe5af5f/resource/be8727ce-4127-475e-9d27-b98fe7ddf5fc/download/bus_routes.csv
374X,Coogee Beach - City (Express),Express,Transdev John Holland Buses,GSBC009,GSBC Contract 9,Inbound; Outbound,2,8.75,10.31,9.53,2026-08-28,https://opendata.transport.nsw.gov.au/data/dataset/5cc1f27a-984e-4d17-a158-c0a91fe5af5f/resource/be8727ce-4127-475e-9d27-b98fe7ddf5fc/download/bus_routes.csv
375,Eastgardens - Randwick (LOOP SERVICE),Regular,Transdev John Holland Buses,GSBC009,GSBC Contract 9,Inbound,3,9.86,21.4,13.74,2026-08-28,https://opendata.transport.nsw.gov.au/data/dataset/5cc1f27a-984e-4d17-a158-c0a91fe5af5f/resource/be8727ce-4127-475e-9d27-b98fe7ddf5fc/download/bus_routes.csv
377X,Maroubra Bch - City (Express),Express,Transdev John Holland Buses,GSBC009,GSBC Contract 9,Inbound; Outbound,2,12.33,13.7,13.02,2026-08-28,https://opendata.transport.nsw.gov.au/data/dataset/5cc1f27a-984e-4d17-a158-c0a91fe5af5f/resource/be8727ce-4127-475e-9d27-b98fe7ddf5fc/download/bus_routes.csv
379,North Bondi - Bronte,Regular,Transdev John Holland Buses,GSBC009,GSBC Contract 9,Inbound; Outbound,5,2.7,8.9,6.08,2026-08-28,https://opendata.transport.nsw.gov.au/data/dataset/5cc1f27a-984e-4d17-a158-c0a91fe5af5f/resource/be8727ce-4127-475e-9d27-b98fe7ddf5fc/download/bus_routes.csv
380,Watsons Bay - Bondi Bch - Quay,Regular,Transdev John Holland Buses,GSBC009,GSBC Contract 9,Inbound; Outbound,4,8.3,10.4,9.35,2026-08-28,https://opendata.transport.nsw.gov.au/data/dataset/5cc1f27a-984e-4d17-a158-c0a91fe5af5f/resource/be8727ce-4127-475e-9d27-b98fe7ddf5fc/download/bus_routes.csv
381,Bondi Jn via Tamarama,Regular,Transdev John Holland Buses,GSBC009,GSBC Contract 9,Inbound,1,7.41,7.41,7.41,2026-08-28,https://opendata.transport.nsw.gov.au/data/dataset/5cc1f27a-984e-4d17-a158-c0a91fe5af5f/resource/be8727ce-4127-475e-9d27-b98fe7ddf5fc/download/bus_routes.csv
386,Bondi Jct - Vaucluse (NSH & OSH Rds),Regular,Transdev John Holland Buses,GSBC009,GSBC Contract 9,Inbound; Outbound,2,6.7,6.81,6.75,2026-08-28,https://opendata.transport.nsw.gov.au/data/dataset/5cc1f27a-984e-4d17-a158-c0a91fe5af5f/resource/be8727ce-4127-475e-9d27-b98fe7ddf5fc/download/bus_routes.csv
387,South Head Cemetery - Bondi Jct,Regular,Transdev John Holland Buses,GSBC009,GSBC Contract 9,Inbound; Outbound,2,5.86,5.99,5.92,2026-08-28,https://opendata.transport.nsw.gov.au/data/dataset/5cc1f27a-984e-4d17-a158-c0a91fe5af5f/resource/be8727ce-4127-475e-9d27-b98fe7ddf5fc/download/bus_routes.csv
388,North Bondi - Bronte,Regular,Transdev John Holland Buses,GSBC009,GSBC Contract 9,Inbound,1,2.78,2.78,2.78,2026-08-28,https://opendata.transport.nsw.gov.au/data/dataset/5cc1f27a-984e-4d17-a158-c0a91fe5af5f/resource/be8727ce-4127-475e-9d27-b98fe7ddf5fc/download/bus_routes.csv
389,Bondi Junction - The Star,Regular,Transit Systems,SBSC006,SBSC Contract 6,Inbound; Outbound,6,3.43,9.36,6.38,2026-08-28,https://opendata.transport.nsw.gov.au/data/dataset/5cc1f27a-984e-4d17-a158-c0a91fe5af5f/resource/be8727ce-4127-475e-9d27-b98fe7ddf5fc/download/bus_routes.csv
390X,Bondi Junction - La Perouse Via Randwick,Regular,Transdev John Holland Buses,GSBC009,GSBC Contract 9,Inbound; Outbound,10,3.69,15.59,9.23,2026-08-28,https://opendata.transport.nsw.gov.au/data/dataset/5cc1f27a-984e-4d17-a158-c0a91fe5af5f/resource/be8727ce-4127-475e-9d27-b98fe7ddf5fc/download/bus_routes.csv
392,Redfern  - Little Bay via Eastgardens,Regular,Transdev John Holland Buses,GSBC009,GSBC Contract 9,Inbound; Outbound,9,5.63,14.75,12.01,2026-08-28,https://opendata.transport.nsw.gov.au/data/dataset/5cc1f27a-984e-4d17-a158-c0a91fe5af5f/resource/be8727ce-4127-475e-9d27-b98fe7ddf5fc/download/bus_routes.csv
392N,Matraville - C.Quay via Eastgardens,Regular,Transdev John Holland Buses,GSBC009,GSBC Contract 9,Inbound; Outbound,2,11.94,12.09,12.02,2026-08-28,https://opendata.transport.nsw.gov.au/data/dataset/5cc1f27a-984e-4d17-a158-c0a91fe5af5f/resource/be8727ce-4127-475e-9d27-b98fe7ddf5fc/download/bus_routes.csv
392X,Museum  - Little Bay via Eastgardens,Express,Transdev John Holland Buses,GSBC009,GSBC Contract 9,Inbound,4,21.08,24.7,22.88,2026-08-28,https://opendata.transport.nsw.gov.au/data/dataset/5cc1f27a-984e-4d17-a158-c0a91fe5af5f/resource/be8727ce-4127-475e-9d27-b98fe7ddf5fc/download/bus_routes.csv
393,Matraville to Eastgardens,Regular,Transdev John Holland Buses,GSBC009,GSBC Contract 9,Inbound; Outbound,2,2.59,2.63,2.61,2026-08-28,https://opendata.transport.nsw.gov.au/data/dataset/5cc1f27a-984e-4d17-a158-c0a91fe5af5f/resource/be8727ce-4127-475e-9d27-b98fe7ddf5fc/download/bus_routes.csv
394X,La Perouse - City (Express),Express,Transdev John Holland Buses,GSBC009,GSBC Contract 9,Inbound,6,18.82,25.3,22.96,2026-08-28,https://opendata.transport.nsw.gov.au/data/dataset/5cc1f27a-984e-4d17-a158-c0a91fe5af5f/resource/be8727ce-4127-475e-9d27-b98fe7ddf5fc/download/bus_routes.csv
396,Circular Quay - Maroubra Beach,Regular,Transdev John Holland Buses,GSBC009,GSBC Contract 9,Inbound; Outbound,2,12.39,12.4,12.4,2026-08-28,https://opendata.transport.nsw.gov.au/data/dataset/5cc1f27a-984e-4d17-a158-c0a91fe5af5f/resource/be8727ce-4127-475e-9d27-b98fe7ddf5fc/download/bus_routes.csv
396X,Maroubra Beach - City (Express),Express,Transdev John Holland Buses,GSBC009,GSBC Contract 9,Inbound; Outbound,2,11.83,13.05,12.44,2026-08-28,https://opendata.transport.nsw.gov.au/data/dataset/5cc1f27a-984e-4d17-a158-c0a91fe5af5f/resource/be8727ce-4127-475e-9d27-b98fe7ddf5fc/download/bus_routes.csv
397,Sth Maroubra to Eastgardens (LOOP),Regular,Transdev John Holland Buses,GSBC009,GSBC Contract 9,Inbound,5,4.25,10.1,7.43,2026-08-28,https://opendata.transport.nsw.gov.au/data/dataset/5cc1f27a-984e-4d17-a158-c0a91fe5af5f/resource/be8727ce-4127-475e-9d27-b98fe7ddf5fc/download/bus_routes.csv
397X,Sth Maroubra - City (Express),Express,Transdev John Holland Buses,GSBC009,GSBC Contract 9,Inbound; Outbound,2,11.44,14.75,13.1,2026-08-28,https://opendata.transport.nsw.gov.au/data/dataset/5cc1f27a-984e-4d17-a158-c0a91fe5af5f/resource/be8727ce-4127-475e-9d27-b98fe7ddf5fc/download/bus_routes.csv
399,Little Bay to UNSW via Maroubra Jct,Regular,Transdev John Holland Buses,GSBC009,GSBC Contract 9,Inbound,3,9.98,19.82,13.62,2026-08-28,https://opendata.transport.nsw.gov.au/data/dataset/5cc1f27a-984e-4d17-a158-c0a91fe5af5f/resource/be8727ce-4127-475e-9d27-b98fe7ddf5fc/download/bus_routes.csv
401,Lidcombe Station - Lidcombe Birnie Ave,Regular,Transit Systems,SBSC006,SBSC Contract 6,Inbound,3,3.87,7.09,4.99,2026-08-28,https://opendata.transport.nsw.gov.au/data/dataset/5cc1f27a-984e-4d17-a158-c0a91fe5af5f/resource/be8727ce-4127-475e-9d27-b98fe7ddf5fc/download/bus_routes.csv
406,Keir Ave Five Dock,Regular,Transit Systems,SBSC006,SBSC Contract 6,Inbound; Outbound,3,9.42,10.94,10.06,2026-08-28,https://opendata.transport.nsw.gov.au/data/dataset/5cc1f27a-984e-4d17-a158-c0a91fe5af5f/resource/be8727ce-4127-475e-9d27-b98fe7ddf5fc/download/bus_routes.csv
407,Burwood (Westfield) - Strathfield,Regular,Transit Systems,SBSC006,SBSC Contract 6,Inbound; Outbound,4,5.45,8.04,7.29,2026-08-28,https://opendata.transport.nsw.gov.au/data/dataset/5cc1f27a-984e-4d17-a158-c0a91fe5af5f/resource/be8727ce-4127-475e-9d27-b98fe7ddf5fc/download/bus_routes.csv
408,Rookwood - Flem Stn - Burwood (Westfield),Regular,Transit Systems,SBSC006,SBSC Contract 6,Inbound; Outbound,2,10.38,10.6,10.49,2026-08-28,https://opendata.transport.nsw.gov.au/data/dataset/5cc1f27a-984e-4d17-a158-c0a91fe5af5f/resource/be8727ce-4127-475e-9d27-b98fe7ddf5fc/download/bus_routes.csv
410,Hurstville - Macquarie Park,Limited Stops,Transit Systems,SBSC006,SBSC Contract 6,Inbound; Outbound,8,12.94,31.95,21.43,2026-08-28,https://opendata.transport.nsw.gov.au/data/dataset/5cc1f27a-984e-4d17-a158-c0a91fe5af5f/resource/be8727ce-4127-475e-9d27-b98fe7ddf5fc/download/bus_routes.csv
412,Campsie Station - Martin Place,Regular,Transit Systems,SBSC006,SBSC Contract 6,Inbound; Outbound,13,1.87,19.7,12.28,2026-08-28,https://opendata.transport.nsw.gov.au/data/dataset/5cc1f27a-984e-4d17-a158-c0a91fe5af5f/resource/be8727ce-4127-475e-9d27-b98fe7ddf5fc/download/bus_routes.csv
413,Campsie - Central Pitt St,Regular,Transit Systems,SBSC006,SBSC Contract 6,Inbound; Outbound,4,7.79,13.15,10.52,2026-08-28,https://opendata.transport.nsw.gov.au/data/dataset/5cc1f27a-984e-4d17-a158-c0a91fe5af5f/resource/be8727ce-4127-475e-9d27-b98fe7ddf5fc/download/bus_routes.csv
415,Campsie - Chiswick,Regular,Transit Systems,SBSC006,SBSC Contract 6,Inbound; Outbound,17,4.97,17.68,11.3,2026-08-28,https://opendata.transport.nsw.gov.au/data/dataset/5cc1f27a-984e-4d17-a158-c0a91fe5af5f/resource/be8727ce-4127-475e-9d27-b98fe7ddf5fc/download/bus_routes.csv
418,Sydenham - Burwood (Westfields),Regular,Transit Systems,SBSC006,SBSC Contract 6,Inbound; Outbound,5,8.23,12.5,11.06,2026-08-28,https://opendata.transport.nsw.gov.au/data/dataset/5cc1f27a-984e-4d17-a158-c0a91fe5af5f/resource/be8727ce-4127-475e-9d27-b98fe7ddf5fc/download/bus_routes.csv
420,Mascot Station to Burwood,Regular,Transit Systems,SBSC006,SBSC Contract 6,Inbound; Outbound,8,10.8,22.5,16.85,2026-08-28,https://opendata.transport.nsw.gov.au/data/dataset/5cc1f27a-984e-4d17-a158-c0a91fe5af5f/resource/be8727ce-4127-475e-9d27-b98fe7ddf5fc/download/bus_routes.csv
422,Kogarah - Pitt St,Regular,Transit Systems,SBSC006,SBSC Contract 6,Inbound; Outbound,4,7.85,14.38,11.15,2026-08-28,https://opendata.transport.nsw.gov.au/data/dataset/5cc1f27a-984e-4d17-a158-c0a91fe5af5f/resource/be8727ce-4127-475e-9d27-b98fe7ddf5fc/download/bus_routes.csv
423,Kingsgrove Depot - Martin Place,Regular,Transit Systems,SBSC006,SBSC Contract 6,Inbound; Outbound,6,1.92,15.31,9.64,2026-08-28,https://opendata.transport.nsw.gov.au/data/dataset/5cc1f27a-984e-4d17-a158-c0a91fe5af5f/resource/be8727ce-4127-475e-9d27-b98fe7ddf5fc/download/bus_routes.csv
423X,Kingsgrove Depot - Martin Place,Regular,Transit Systems,SBSC006,SBSC Contract 6,Inbound; Outbound,3,11.92,15.31,14.17,2026-08-28,https://opendata.transport.nsw.gov.au/data/dataset/5cc1f27a-984e-4d17-a158-c0a91fe5af5f/resource/be8727ce-4127-475e-9d27-b98fe7ddf5fc/download/bus_routes.csv
426,Dulwich Hill - Martin Place,Regular,Transit Systems,SBSC006,SBSC Contract 6,Inbound; Outbound,2,9.62,9.63,9.62,2026-08-28,https://opendata.transport.nsw.gov.au/data/dataset/5cc1f27a-984e-4d17-a158-c0a91fe5af5f/resource/be8727ce-4127-475e-9d27-b98fe7ddf5fc/download/bus_routes.csv
428,Canterbury - Martin Place,Regular,Transit Systems,SBSC006,SBSC Contract 6,Inbound; Outbound,5,6.69,12.32,10.24,2026-08-28,https://opendata.transport.nsw.gov.au/data/dataset/5cc1f27a-984e-4d17-a158-c0a91fe5af5f/resource/be8727ce-4127-475e-9d27-b98fe7ddf5fc/download/bus_routes.csv
428X,Canterbury - Martin Place,Regular,Transit Systems,SBSC006,SBSC Contract 6,Inbound; Outbound,2,11.7,11.71,11.7,2026-08-28,https://opendata.transport.nsw.gov.au/data/dataset/5cc1f27a-984e-4d17-a158-c0a91fe5af5f/resource/be8727ce-4127-475e-9d27-b98fe7ddf5fc/download/bus_routes.csv
430,Sydenham - Martin Place,Regular,Transit Systems,SBSC006,SBSC Contract 6,Inbound,1,14.54,14.54,14.54,2026-08-28,https://opendata.transport.nsw.gov.au/data/dataset/5cc1f27a-984e-4d17-a158-c0a91fe5af5f/resource/be8727ce-4127-475e-9d27-b98fe7ddf5fc/download/bus_routes.csv
431,Glebe Point - Martin Place,Regular,Transit Systems,SBSC006,SBSC Contract 6,Inbound; Outbound,5,3.26,5.11,4.52,2026-08-28,https://opendata.transport.nsw.gov.au/data/dataset/5cc1f27a-984e-4d17-a158-c0a91fe5af5f/resource/be8727ce-4127-475e-9d27-b98fe7ddf5fc/download/bus_routes.csv
433,"Balmain - Pitt St, Central",Regular,Transit Systems,SBSC006,SBSC Contract 6,Inbound; Outbound,8,3.13,7.6,6.06,2026-08-28,https://opendata.transport.nsw.gov.au/data/dataset/5cc1f27a-984e-4d17-a158-c0a91fe5af5f/resource/be8727ce-4127-475e-9d27-b98fe7ddf5fc/download/bus_routes.csv
437,Five Dock - QVB,Regular,Transit Systems,SBSC006,SBSC Contract 6,Inbound; Outbound,4,12.24,13.05,12.57,2026-08-28,https://opendata.transport.nsw.gov.au/data/dataset/5cc1f27a-984e-4d17-a158-c0a91fe5af5f/resource/be8727ce-4127-475e-9d27-b98fe7ddf5fc/download/bus_routes.csv
438N,Abbotsford - Martin Place,Regular,Transit Systems,SBSC006,SBSC Contract 6,Inbound; Outbound,2,13.19,13.43,13.31,2026-08-28,https://opendata.transport.nsw.gov.au/data/dataset/5cc1f27a-984e-4d17-a158-c0a91fe5af5f/resource/be8727ce-4127-475e-9d27-b98fe7ddf5fc/download/bus_routes.csv
438X,Abbotsford - Martin Place (Limited Stops),Regular,Transit Systems,SBSC006,SBSC Contract 6,Inbound; Outbound,4,10.32,13.43,11.97,2026-08-28,https://opendata.transport.nsw.gov.au/data/dataset/5cc1f27a-984e-4d17-a158-c0a91fe5af5f/resource/be8727ce-4127-475e-9d27-b98fe7ddf5fc/download/bus_routes.csv
440,Bondi Junction - Rozelle,Regular,Transit Systems,SBSC006,SBSC Contract 6,Inbound; Outbound,5,5.48,13.84,10.98,2026-08-28,https://opendata.transport.nsw.gov.au/data/dataset/5cc1f27a-984e-4d17-a158-c0a91fe5af5f/resource/be8727ce-4127-475e-9d27-b98fe7ddf5fc/download/bus_routes.csv
441,Birchgrove - QVB/Art Gallery,Regular,Transit Systems,SBSC006,SBSC Contract 6,Inbound,6,6.11,16.08,12.93,2026-08-28,https://opendata.transport.nsw.gov.au/data/dataset/5cc1f27a-984e-4d17-a158-c0a91fe5af5f/resource/be8727ce-4127-475e-9d27-b98fe7ddf5fc/download/bus_routes.csv
442,Balmain East Wharf - QVB LOOP,Regular,Transit Systems,SBSC006,SBSC Contract 6,Inbound,9,2.91,13.48,10.15,2026-08-28,https://opendata.transport.nsw.gov.au/data/dataset/5cc1f27a-984e-4d17-a158-c0a91fe5af5f/resource/be8727ce-4127-475e-9d27-b98fe7ddf5fc/download/bus_routes.csv
445,Balmain - Campsie Station,Regular,Transit Systems,SBSC006,SBSC Contract 6,Inbound; Outbound,10,7.33,15.13,10.95,2026-08-28,https://opendata.transport.nsw.gov.au/data/dataset/5cc1f27a-984e-4d17-a158-c0a91fe5af5f/resource/be8727ce-4127-475e-9d27-b98fe7ddf5fc/download/bus_routes.csv
446,Roselands to St George Hospital,Regular,U-Go Mobility,GSBC010,GSBC Contract 10,Inbound; Outbound,5,10.18,14.32,12.48,2026-08-28,https://opendata.transport.nsw.gov.au/data/dataset/5cc1f27a-984e-4d17-a158-c0a91fe5af5f/resource/be8727ce-4127-475e-9d27-b98fe7ddf5fc/download/bus_routes.csv
450,Strathfield to Hurstville,Regular,U-Go Mobility,GSBC010,GSBC Contract 10,Inbound; Outbound,3,4.53,15.68,11.89,2026-08-28,https://opendata.transport.nsw.gov.au/data/dataset/5cc1f27a-984e-4d17-a158-c0a91fe5af5f/resource/be8727ce-4127-475e-9d27-b98fe7ddf5fc/download/bus_routes.csv
452,Rockdale to Beverly Hills,Regular,U-Go Mobility,GSBC010,GSBC Contract 10,Inbound; Outbound,15,2.86,8.64,6.49,2026-08-28,https://opendata.transport.nsw.gov.au/data/dataset/5cc1f27a-984e-4d17-a158-c0a91fe5af5f/resource/be8727ce-4127-475e-9d27-b98fe7ddf5fc/download/bus_routes.csv
453,"Rockdale Station to Percival Street, Rockdale",Regular,U-Go Mobility,GSBC010,GSBC Contract 10,Inbound; Outbound,4,2.04,8.32,4.25,2026-08-28,https://opendata.transport.nsw.gov.au/data/dataset/5cc1f27a-984e-4d17-a158-c0a91fe5af5f/resource/be8727ce-4127-475e-9d27-b98fe7ddf5fc/download/bus_routes.csv
455,"St George Hospital, Kogarah to Kingsgrove",Regular,U-Go Mobility,GSBC010,GSBC Contract 10,Inbound; Outbound,19,3.51,12.83,9.32,2026-08-28,https://opendata.transport.nsw.gov.au/data/dataset/5cc1f27a-984e-4d17-a158-c0a91fe5af5f/resource/be8727ce-4127-475e-9d27-b98fe7ddf5fc/download/bus_routes.csv
458,Top Ryde Shopping Centre - Burwood Westfield,Regular,Transit Systems,SBSC006,SBSC Contract 6,Inbound; Outbound,6,4.49,12.77,9.29,2026-08-28,https://opendata.transport.nsw.gov.au/data/dataset/5cc1f27a-984e-4d17-a158-c0a91fe5af5f/resource/be8727ce-4127-475e-9d27-b98fe7ddf5fc/download/bus_routes.csv
461N,Burwood Plaza - Hyde Park,Regular,Transit Systems,SBSC006,SBSC Contract 6,Inbound; Outbound,4,12.76,13,12.88,2026-08-28,https://opendata.transport.nsw.gov.au/data/dataset/5cc1f27a-984e-4d17-a158-c0a91fe5af5f/resource/be8727ce-4127-475e-9d27-b98fe7ddf5fc/download/bus_routes.csv
461X,Burwood Plaza - The Domain,Regular,Transit Systems,SBSC006,SBSC Contract 6,Inbound; Outbound,14,9.03,13.66,12.26,2026-08-28,https://opendata.transport.nsw.gov.au/data/dataset/5cc1f27a-984e-4d17-a158-c0a91fe5af5f/resource/be8727ce-4127-475e-9d27-b98fe7ddf5fc/download/bus_routes.csv
464,Ashfield - Mortlake,Regular,Transit Systems,SBSC006,SBSC Contract 6,Inbound; Outbound,13,3.72,13.87,8.71,2026-08-28,https://opendata.transport.nsw.gov.au/data/dataset/5cc1f27a-984e-4d17-a158-c0a91fe5af5f/resource/be8727ce-4127-475e-9d27-b98fe7ddf5fc/download/bus_routes.csv
466,Burwood Station - Cabarita Park,Regular,Transit Systems,SBSC006,SBSC Contract 6,Inbound; Outbound,12,2.96,10.67,6.23,2026-08-28,https://opendata.transport.nsw.gov.au/data/dataset/5cc1f27a-984e-4d17-a158-c0a91fe5af5f/resource/be8727ce-4127-475e-9d27-b98fe7ddf5fc/download/bus_routes.csv
469,MarketPlace Leichhardt to Glebe (Loop Service),Regular,Transit Systems,SBSC006,SBSC Contract 6,Inbound,1,10.21,10.21,10.21,2026-08-28,https://opendata.transport.nsw.gov.au/data/dataset/5cc1f27a-984e-4d17-a158-c0a91fe5af5f/resource/be8727ce-4127-475e-9d27-b98fe7ddf5fc/download/bus_routes.csv
470,Lilyfield - Martin Place,Regular,Transit Systems,SBSC006,SBSC Contract 6,Inbound; Outbound,3,6.27,7.48,6.99,2026-08-28,https://opendata.transport.nsw.gov.au/data/dataset/5cc1f27a-984e-4d17-a158-c0a91fe5af5f/resource/be8727ce-4127-475e-9d27-b98fe7ddf5fc/download/bus_routes.csv
473,Rockdale - Campsie,Regular,Transit Systems,SBSC006,SBSC Contract 6,Inbound; Outbound,7,5.08,14.36,10.26,2026-08-28,https://opendata.transport.nsw.gov.au/data/dataset/5cc1f27a-984e-4d17-a158-c0a91fe5af5f/resource/be8727ce-4127-475e-9d27-b98fe7ddf5fc/download/bus_routes.csv
476,Rockdale-R'dale Plaza-Dolls Pt-Rockdale,Regular,Transit Systems,SBSC006,SBSC Contract 6,Outbound,15,6.45,16.33,11.18,2026-08-28,https://opendata.transport.nsw.gov.au/data/dataset/5cc1f27a-984e-4d17-a158-c0a91fe5af5f/resource/be8727ce-4127-475e-9d27-b98fe7ddf5fc/download/bus_routes.csv
477,Miranda - Rockdale Plaza - Rockdale,Regular,Transit Systems,SBSC006,SBSC Contract 6,Inbound; Outbound,6,4.62,14.54,11.13,2026-08-28,https://opendata.transport.nsw.gov.au/data/dataset/5cc1f27a-984e-4d17-a158-c0a91fe5af5f/resource/be8727ce-4127-475e-9d27-b98fe7ddf5fc/download/bus_routes.csv
478,Miranda/Ramsgate-Rockdale,Regular,Transit Systems,SBSC006,SBSC Contract 6,Inbound; Outbound,6,2.61,16.12,7.96,2026-08-28,https://opendata.transport.nsw.gov.au/data/dataset/5cc1f27a-984e-4d17-a158-c0a91fe5af5f/resource/be8727ce-4127-475e-9d27-b98fe7ddf5fc/download/bus_routes.csv
479,Rockdale-Kyeemagh-Rockdale,Regular,Transit Systems,SBSC006,SBSC Contract 6,Inbound,6,5.42,9.84,7.56,2026-08-28,https://opendata.transport.nsw.gov.au/data/dataset/5cc1f27a-984e-4d17-a158-c0a91fe5af5f/resource/be8727ce-4127-475e-9d27-b98fe7ddf5fc/download/bus_routes.csv
480,"Strathfield Station -  Pitt St, Central",Regular,Transit Systems,SBSC006,SBSC Contract 6,Inbound; Outbound,4,3.69,15.41,9.56,2026-08-28,https://opendata.transport.nsw.gov.au/data/dataset/5cc1f27a-984e-4d17-a158-c0a91fe5af5f/resource/be8727ce-4127-475e-9d27-b98fe7ddf5fc/download/bus_routes.csv
483,"Strathfield Station -  Pitt St, Central",Regular,Transit Systems,SBSC006,SBSC Contract 6,Inbound; Outbound,6,3.43,16.73,9.71,2026-08-28,https://opendata.transport.nsw.gov.au/data/dataset/5cc1f27a-984e-4d17-a158-c0a91fe5af5f/resource/be8727ce-4127-475e-9d27-b98fe7ddf5fc/download/bus_routes.csv
487,Bankstown Central - Canterbury Station,Regular,Transit Systems,SBSC006,SBSC Contract 6,Inbound; Outbound,7,7.86,17.14,13.75,2026-08-28,https://opendata.transport.nsw.gov.au/data/dataset/5cc1f27a-984e-4d17-a158-c0a91fe5af5f/resource/be8727ce-4127-475e-9d27-b98fe7ddf5fc/download/bus_routes.csv
490,Drummoyne - Hurstville,Regular,Transit Systems,SBSC006,SBSC Contract 6,Inbound; Outbound,9,4.28,20.9,11.42,2026-08-28,https://opendata.transport.nsw.gov.au/data/dataset/5cc1f27a-984e-4d17-a158-c0a91fe5af5f/resource/be8727ce-4127-475e-9d27-b98fe7ddf5fc/download/bus_routes.csv
491,Hurstville - Five Dock,Regular,Transit Systems,SBSC006,SBSC Contract 6,Inbound; Outbound,13,3.64,18.32,8.9,2026-08-28,https://opendata.transport.nsw.gov.au/data/dataset/5cc1f27a-984e-4d17-a158-c0a91fe5af5f/resource/be8727ce-4127-475e-9d27-b98fe7ddf5fc/download/bus_routes.csv
492,Drummoyne - Rockdale,Regular,Transit Systems,SBSC006,SBSC Contract 6,Inbound; Outbound,16,4.76,21.18,13.26,2026-08-28,https://opendata.transport.nsw.gov.au/data/dataset/5cc1f27a-984e-4d17-a158-c0a91fe5af5f/resource/be8727ce-4127-475e-9d27-b98fe7ddf5fc/download/bus_routes.csv
493,Roselands - Rockdale,Regular,Transit Systems,SBSC006,SBSC Contract 6,Inbound; Outbound,2,10.66,10.76,10.71,2026-08-28,https://opendata.transport.nsw.gov.au/data/dataset/5cc1f27a-984e-4d17-a158-c0a91fe5af5f/resource/be8727ce-4127-475e-9d27-b98fe7ddf5fc/download/bus_routes.csv
501,Parramatta to Central via Victoria Rd,Regular,Busways North West,GSBC007,GSBC Contract 7,Inbound; Outbound,3,14.29,16.87,15.91,2026-08-28,https://opendata.transport.nsw.gov.au/data/dataset/5cc1f27a-984e-4d17-a158-c0a91fe5af5f/resource/be8727ce-4127-475e-9d27-b98fe7ddf5fc/download/bus_routes.csv
502,Cabarita Wharf - City Town Hall,Regular,Transit Systems,SBSC006,SBSC Contract 6,Inbound; Outbound,7,6.42,15.96,10.45,2026-08-28,https://opendata.transport.nsw.gov.au/data/dataset/5cc1f27a-984e-4d17-a158-c0a91fe5af5f/resource/be8727ce-4127-475e-9d27-b98fe7ddf5fc/download/bus_routes.csv
504,Chiswick - The Domain,Regular,Transit Systems,SBSC006,SBSC Contract 6,Inbound; Outbound,5,9.77,11.56,10.75,2026-08-28,https://opendata.transport.nsw.gov.au/data/dataset/5cc1f27a-984e-4d17-a158-c0a91fe5af5f/resource/be8727ce-4127-475e-9d27-b98fe7ddf5fc/download/bus_routes.csv
505,Woolwich to City via Victoria Rd,Regular,Busways North West,GSBC007,GSBC Contract 7,Inbound; Outbound,2,11.67,12.06,11.87,2026-08-28,https://opendata.transport.nsw.gov.au/data/dataset/5cc1f27a-984e-4d17-a158-c0a91fe5af5f/resource/be8727ce-4127-475e-9d27-b98fe7ddf5fc/download/bus_routes.csv
506,Macquarie University to City via East Ryde,Regular,Busways North West,GSBC007,GSBC Contract 7,Inbound; Outbound,10,12.91,22.46,17.12,2026-08-28,https://opendata.transport.nsw.gov.au/data/dataset/5cc1f27a-984e-4d17-a158-c0a91fe5af5f/resource/be8727ce-4127-475e-9d27-b98fe7ddf5fc/download/bus_routes.csv
507,Meadowbank to City via Putney,Regular,Busways North West,GSBC007,GSBC Contract 7,Inbound; Outbound,4,5.3,15.91,10.66,2026-08-28,https://opendata.transport.nsw.gov.au/data/dataset/5cc1f27a-984e-4d17-a158-c0a91fe5af5f/resource/be8727ce-4127-475e-9d27-b98fe7ddf5fc/download/bus_routes.csv
513,Carlingford Court to West Ryde Station,Regular,Busways North West,GSBC007,GSBC Contract 7,Inbound; Outbound,6,9.87,13.22,11.28,2026-08-28,https://opendata.transport.nsw.gov.au/data/dataset/5cc1f27a-984e-4d17-a158-c0a91fe5af5f/resource/be8727ce-4127-475e-9d27-b98fe7ddf5fc/download/bus_routes.csv
515,Eastwood to Top Ryde,Regular,Busways North West,GSBC007,GSBC Contract 7,Inbound; Outbound,2,3.99,4.41,4.2,2026-08-28,https://opendata.transport.nsw.gov.au/data/dataset/5cc1f27a-984e-4d17-a158-c0a91fe5af5f/resource/be8727ce-4127-475e-9d27-b98fe7ddf5fc/download/bus_routes.csv
516,Top Ryde to Chatswood via North Ryde,Regular,Busways North West,GSBC007,GSBC Contract 7,Inbound; Outbound,2,9.67,9.7,9.68,2026-08-28,https://opendata.transport.nsw.gov.au/data/dataset/5cc1f27a-984e-4d17-a158-c0a91fe5af5f/resource/be8727ce-4127-475e-9d27-b98fe7ddf5fc/download/bus_routes.csv
517,Macquarie Centre to Top Ryde,Regular,Busways North West,GSBC007,GSBC Contract 7,Inbound; Outbound,4,6.44,8.13,7.14,2026-08-28,https://opendata.transport.nsw.gov.au/data/dataset/5cc1f27a-984e-4d17-a158-c0a91fe5af5f/resource/be8727ce-4127-475e-9d27-b98fe7ddf5fc/download/bus_routes.csv
518,Macquarie University to Meadowbank Wharf,Regular,Busways North West,GSBC007,GSBC Contract 7,Inbound; Outbound,3,6.37,9.38,8.26,2026-08-28,https://opendata.transport.nsw.gov.au/data/dataset/5cc1f27a-984e-4d17-a158-c0a91fe5af5f/resource/be8727ce-4127-475e-9d27-b98fe7ddf5fc/download/bus_routes.csv
521,Parramatta to Eastwood via Mobbs Lane,Regular,Busways North West,GSBC007,GSBC Contract 7,Inbound; Outbound,2,12.39,12.46,12.43,2026-08-28,https://opendata.transport.nsw.gov.au/data/dataset/5cc1f27a-984e-4d17-a158-c0a91fe5af5f/resource/be8727ce-4127-475e-9d27-b98fe7ddf5fc/download/bus_routes.csv
523,West Ryde to Parramatta,Regular,Busways North West,GSBC007,GSBC Contract 7,Inbound; Outbound,4,12.41,14.45,13.42,2026-08-28,https://opendata.transport.nsw.gov.au/data/dataset/5cc1f27a-984e-4d17-a158-c0a91fe5af5f/resource/be8727ce-4127-475e-9d27-b98fe7ddf5fc/download/bus_routes.csv
524,West Ryde to Parramatta via Melrose Park,Regular,Busways North West,GSBC007,GSBC Contract 7,Inbound; Outbound,3,11.14,11.21,11.17,2026-08-28,https://opendata.transport.nsw.gov.au/data/dataset/5cc1f27a-984e-4d17-a158-c0a91fe5af5f/resource/be8727ce-4127-475e-9d27-b98fe7ddf5fc/download/bus_routes.csv
525,Parramatta to Lidcombe,Regular,Transit Systems NSW,GSBC003,GSBC Contract 3,Inbound; Outbound,2,12.72,13.17,12.95,2026-08-28,https://opendata.transport.nsw.gov.au/data/dataset/5cc1f27a-984e-4d17-a158-c0a91fe5af5f/resource/be8727ce-4127-475e-9d27-b98fe7ddf5fc/download/bus_routes.csv
526,Burwood - Rhodes Shopping Centre,Regular,Transit Systems,SBSC006,SBSC Contract 6,Inbound; Outbound,5,13.32,17,15.26,2026-08-28,https://opendata.transport.nsw.gov.au/data/dataset/5cc1f27a-984e-4d17-a158-c0a91fe5af5f/resource/be8727ce-4127-475e-9d27-b98fe7ddf5fc/download/bus_routes.csv
530,Burwood Station - Chatswood Stn (West Side),Regular,Transit Systems,SBSC006,SBSC Contract 6,Inbound; Outbound,10,3.68,16.47,10.39,2026-08-28,https://opendata.transport.nsw.gov.au/data/dataset/5cc1f27a-984e-4d17-a158-c0a91fe5af5f/resource/be8727ce-4127-475e-9d27-b98fe7ddf5fc/download/bus_routes.csv
533,Olympic Park to Chatswood via Top Ryde,Regular,Busways North West,GSBC007,GSBC Contract 7,Inbound; Outbound,8,6.06,20.98,14.02,2026-08-28,https://opendata.transport.nsw.gov.au/data/dataset/5cc1f27a-984e-4d17-a158-c0a91fe5af5f/resource/be8727ce-4127-475e-9d27-b98fe7ddf5fc/download/bus_routes.csv
536,Gladesville to Chatswood via Hunters Hill,Regular,Busways North West,GSBC007,GSBC Contract 7,Inbound; Outbound,4,10.47,13.69,11.92,2026-08-28,https://opendata.transport.nsw.gov.au/data/dataset/5cc1f27a-984e-4d17-a158-c0a91fe5af5f/resource/be8727ce-4127-475e-9d27-b98fe7ddf5fc/download/bus_routes.csv
538,Gladesville to Woolwich Wharf,Regular,Busways North West,GSBC007,GSBC Contract 7,Inbound; Outbound,6,7.27,9.13,8.25,2026-08-28,https://opendata.transport.nsw.gov.au/data/dataset/5cc1f27a-984e-4d17-a158-c0a91fe5af5f/resource/be8727ce-4127-475e-9d27-b98fe7ddf5fc/download/bus_routes.csv
540,Auburn to Newington via Silverwater,Regular,Busways North West,GSBC007,GSBC Contract 7,Inbound; Outbound,4,4.92,5.6,5.19,2026-08-28,https://opendata.transport.nsw.gov.au/data/dataset/5cc1f27a-984e-4d17-a158-c0a91fe5af5f/resource/be8727ce-4127-475e-9d27-b98fe7ddf5fc/download/bus_routes.csv
541,Epping to Eastwood,Regular,Busways North West,GSBC007,GSBC Contract 7,Inbound; Outbound,5,4.2,6.5,5.5,2026-08-28,https://opendata.transport.nsw.gov.au/data/dataset/5cc1f27a-984e-4d17-a158-c0a91fe5af5f/resource/be8727ce-4127-475e-9d27-b98fe7ddf5fc/download/bus_routes.csv
544,Auburn to Macquarie Centre via Eastwood,Regular,Busways North West,GSBC007,GSBC Contract 7,Inbound; Outbound,14,7.94,20.58,15.11,2026-08-28,https://opendata.transport.nsw.gov.au/data/dataset/5cc1f27a-984e-4d17-a158-c0a91fe5af5f/resource/be8727ce-4127-475e-9d27-b98fe7ddf5fc/download/bus_routes.csv
545,Parra.Stn-Eastwood-Macq.Ctr-Laclan's Line Estate,Regular,Busways R1,GSBC001,GSBC Contract 1,Inbound; Outbound,7,7.19,20.06,15.01,2026-08-28,https://opendata.transport.nsw.gov.au/data/dataset/5cc1f27a-984e-4d17-a158-c0a91fe5af5f/resource/be8727ce-4127-475e-9d27-b98fe7ddf5fc/download/bus_routes.csv
546,Parramatta to Epping via Oatlands & North Rocks,Regular,Busways North West,GSBC007,GSBC Contract 7,Inbound; Outbound,8,5.09,19.69,12.02,2026-08-28,https://opendata.transport.nsw.gov.au/data/dataset/5cc1f27a-984e-4d17-a158-c0a91fe5af5f/resource/be8727ce-4127-475e-9d27-b98fe7ddf5fc/download/bus_routes.csv
549,Parramatta to Epping via North Rocks,Regular,CDC NSW R4,GSBC004,GSBC Contract 4,Inbound; Outbound,8,4.34,14.64,9.11,2026-08-28,https://opendata.transport.nsw.gov.au/data/dataset/5cc1f27a-984e-4d17-a158-c0a91fe5af5f/resource/be8727ce-4127-475e-9d27-b98fe7ddf5fc/download/bus_routes.csv
550,Parramatta to Macquarie Park via Carlingford,Regular,Busways North West,GSBC007,GSBC Contract 7,Inbound; Outbound,4,4.6,18.16,12.35,2026-08-28,https://opendata.transport.nsw.gov.au/data/dataset/5cc1f27a-984e-4d17-a158-c0a91fe5af5f/resource/be8727ce-4127-475e-9d27-b98fe7ddf5fc/download/bus_routes.csv
551,Marsfield to Eastwood,Regular,Busways North West,GSBC007,GSBC Contract 7,Inbound; Outbound,2,5.81,6.03,5.92,2026-08-28,https://opendata.transport.nsw.gov.au/data/dataset/5cc1f27a-984e-4d17-a158-c0a91fe5af5f/resource/be8727ce-4127-475e-9d27-b98fe7ddf5fc/download/bus_routes.csv
553,North Rocks to Beecroft via West Pennant Hills,Regular,CDC NSW R4,GSBC004,GSBC Contract 4,Inbound,4,5.28,11.19,7.99,2026-08-28,https://opendata.transport.nsw.gov.au/data/dataset/5cc1f27a-984e-4d17-a158-c0a91fe5af5f/resource/be8727ce-4127-475e-9d27-b98fe7ddf5fc/download/bus_routes.csv
556,Lindfield to East Killara (Loop),Regular,CDC NSW R14,GSBC014,GSBC Contract 14,Inbound,3,9.22,12.03,10.42,2026-08-28,https://opendata.transport.nsw.gov.au/data/dataset/5cc1f27a-984e-4d17-a158-c0a91fe5af5f/resource/be8727ce-4127-475e-9d27-b98fe7ddf5fc/download/bus_routes.csv
558,Lindfield to Chatswood,Regular,CDC NSW R14,GSBC014,GSBC Contract 14,Inbound; Outbound,5,6.06,10.75,8.87,2026-08-28,https://opendata.transport.nsw.gov.au/data/dataset/5cc1f27a-984e-4d17-a158-c0a91fe5af5f/resource/be8727ce-4127-475e-9d27-b98fe7ddf5fc/download/bus_routes.csv
560,Gordon to Wst Pymble (Loop),Regular,CDC NSW R14,GSBC014,GSBC Contract 14,Inbound,5,6.54,11.42,9.83,2026-08-28,https://opendata.transport.nsw.gov.au/data/dataset/5cc1f27a-984e-4d17-a158-c0a91fe5af5f/resource/be8727ce-4127-475e-9d27-b98fe7ddf5fc/download/bus_routes.csv
562,Mac Uni to Gordon,Regular,CDC NSW R14,GSBC014,GSBC Contract 14,Inbound; Outbound,2,9.27,9.44,9.36,2026-08-28,https://opendata.transport.nsw.gov.au/data/dataset/5cc1f27a-984e-4d17-a158-c0a91fe5af5f/resource/be8727ce-4127-475e-9d27-b98fe7ddf5fc/download/bus_routes.csv
565,Mac Uni to Chatswood,Regular,CDC NSW R14,GSBC014,GSBC Contract 14,Inbound; Outbound,9,5.14,17.76,11.55,2026-08-28,https://opendata.transport.nsw.gov.au/data/dataset/5cc1f27a-984e-4d17-a158-c0a91fe5af5f/resource/be8727ce-4127-475e-9d27-b98fe7ddf5fc/download/bus_routes.csv
571,Turramurra to Sth Turramurra (Loop),Regular,CDC NSW R14,GSBC014,GSBC Contract 14,Inbound,4,5.94,11.12,7.84,2026-08-28,https://opendata.transport.nsw.gov.au/data/dataset/5cc1f27a-984e-4d17-a158-c0a91fe5af5f/resource/be8727ce-4127-475e-9d27-b98fe7ddf5fc/download/bus_routes.csv
572,Mac Uni to Turramurra via S. Turramurra and W Pymble,Regular,CDC NSW R14,GSBC014,GSBC Contract 14,Inbound; Outbound,8,9.26,28.02,17.66,2026-08-28,https://opendata.transport.nsw.gov.au/data/dataset/5cc1f27a-984e-4d17-a158-c0a91fe5af5f/resource/be8727ce-4127-475e-9d27-b98fe7ddf5fc/download/bus_routes.csv
573,Turramurra to Adventist Hosp via Fox Valley Rd,Regular,CDC NSW R14,GSBC014,GSBC Contract 14,Inbound,4,3.42,11.74,9.08,2026-08-28,https://opendata.transport.nsw.gov.au/data/dataset/5cc1f27a-984e-4d17-a158-c0a91fe5af5f/resource/be8727ce-4127-475e-9d27-b98fe7ddf5fc/download/bus_routes.csv
575,Macquarie University to Hornsby via Turramurra,Regular,CDC NSW R14,GSBC014,GSBC Contract 14,Inbound; Outbound,3,3.92,20.89,15.17,2026-08-28,https://opendata.transport.nsw.gov.au/data/dataset/5cc1f27a-984e-4d17-a158-c0a91fe5af5f/resource/be8727ce-4127-475e-9d27-b98fe7ddf5fc/download/bus_routes.csv
576,Wahroonga to Nth Wahroonga (Loop),Regular,CDC NSW R14,GSBC014,GSBC Contract 14,Inbound,1,8.7,8.7,8.7,2026-08-28,https://opendata.transport.nsw.gov.au/data/dataset/5cc1f27a-984e-4d17-a158-c0a91fe5af5f/resource/be8727ce-4127-475e-9d27-b98fe7ddf5fc/download/bus_routes.csv
576T,Turramurra to Nth Wahroonga (Loop),Regular,CDC NSW R14,GSBC014,GSBC Contract 14,Inbound,1,10.53,10.53,10.53,2026-08-28,https://opendata.transport.nsw.gov.au/data/dataset/5cc1f27a-984e-4d17-a158-c0a91fe5af5f/resource/be8727ce-4127-475e-9d27-b98fe7ddf5fc/download/bus_routes.csv
577,Turramurra to Nth Turramurra (Loop),Regular,CDC NSW R14,GSBC014,GSBC Contract 14,Inbound,2,12.86,14.02,13.44,2026-08-28,https://opendata.transport.nsw.gov.au/data/dataset/5cc1f27a-984e-4d17-a158-c0a91fe5af5f/resource/be8727ce-4127-475e-9d27-b98fe7ddf5fc/download/bus_routes.csv
577P,Turramurra to Murdoch St,Regular,CDC NSW R14,GSBC014,GSBC Contract 14,Inbound,1,5.46,5.46,5.46,2026-08-28,https://opendata.transport.nsw.gov.au/data/dataset/5cc1f27a-984e-4d17-a158-c0a91fe5af5f/resource/be8727ce-4127-475e-9d27-b98fe7ddf5fc/download/bus_routes.csv
579,Pymble to East Turramurra,Regular,CDC NSW R14,GSBC014,GSBC Contract 14,Inbound,3,4.61,7.5,6.41,2026-08-28,https://opendata.transport.nsw.gov.au/data/dataset/5cc1f27a-984e-4d17-a158-c0a91fe5af5f/resource/be8727ce-4127-475e-9d27-b98fe7ddf5fc/download/bus_routes.csv
582,Gordon to St Ives Shopping Centre,Regular,CDC NSW R14,GSBC014,GSBC Contract 14,Inbound; Outbound,14,5.85,13.95,10.21,2026-08-28,https://opendata.transport.nsw.gov.au/data/dataset/5cc1f27a-984e-4d17-a158-c0a91fe5af5f/resource/be8727ce-4127-475e-9d27-b98fe7ddf5fc/download/bus_routes.csv
586,Pennant Hills to Wstleigh,Regular,CDC NSW R14,GSBC014,GSBC Contract 14,Inbound; Outbound,6,5.77,11.02,7.79,2026-08-28,https://opendata.transport.nsw.gov.au/data/dataset/5cc1f27a-984e-4d17-a158-c0a91fe5af5f/resource/be8727ce-4127-475e-9d27-b98fe7ddf5fc/download/bus_routes.csv
587,Hornsby to Wstleigh (Loop),Regular,CDC NSW R14,GSBC014,GSBC Contract 14,Inbound,1,19.6,19.6,19.6,2026-08-28,https://opendata.transport.nsw.gov.au/data/dataset/5cc1f27a-984e-4d17-a158-c0a91fe5af5f/resource/be8727ce-4127-475e-9d27-b98fe7ddf5fc/download/bus_routes.csv
588,Hornsby to Normanhurst Wst (Loop),Regular,CDC NSW R14,GSBC014,GSBC Contract 14,Inbound,2,14.36,16.01,15.18,2026-08-28,https://opendata.transport.nsw.gov.au/data/dataset/5cc1f27a-984e-4d17-a158-c0a91fe5af5f/resource/be8727ce-4127-475e-9d27-b98fe7ddf5fc/download/bus_routes.csv
589,Hornsby to Sydney Adventist Hosp,Regular,CDC NSW R14,GSBC014,GSBC Contract 14,Inbound; Outbound,7,3.94,14.41,9.03,2026-08-28,https://opendata.transport.nsw.gov.au/data/dataset/5cc1f27a-984e-4d17-a158-c0a91fe5af5f/resource/be8727ce-4127-475e-9d27-b98fe7ddf5fc/download/bus_routes.csv
590,Pennant Hills to Hornsby via Normanhurst,Regular,CDC NSW R4,GSBC004,GSBC Contract 4,Inbound; Outbound,2,7.07,7.18,7.13,2026-08-28,https://opendata.transport.nsw.gov.au/data/dataset/5cc1f27a-984e-4d17-a158-c0a91fe5af5f/resource/be8727ce-4127-475e-9d27-b98fe7ddf5fc/download/bus_routes.csv
591,St Ives to Hornsby,Regular,CDC NSW R14,GSBC014,GSBC Contract 14,Inbound; Outbound,2,8.11,8.36,8.23,2026-08-28,https://opendata.transport.nsw.gov.au/data/dataset/5cc1f27a-984e-4d17-a158-c0a91fe5af5f/resource/be8727ce-4127-475e-9d27-b98fe7ddf5fc/download/bus_routes.csv
592,Brooklyn to Cheero Point and Mooney Mooney,Regular,CDC NSW R14,GSBC014,GSBC Contract 14,Inbound,5,10.06,24.38,18.34,2026-08-28,https://opendata.transport.nsw.gov.au/data/dataset/5cc1f27a-984e-4d17-a158-c0a91fe5af5f/resource/be8727ce-4127-475e-9d27-b98fe7ddf5fc/download/bus_routes.csv
593,Berowra Station to Beaumont Road,Regular,CDC NSW R14,GSBC014,GSBC Contract 14,Inbound; Outbound,2,4.65,4.89,4.77,2026-08-28,https://opendata.transport.nsw.gov.au/data/dataset/5cc1f27a-984e-4d17-a158-c0a91fe5af5f/resource/be8727ce-4127-475e-9d27-b98fe7ddf5fc/download/bus_routes.csv
595,Hornsby to Mt Colah (Loop),Regular,CDC NSW R14,GSBC014,GSBC Contract 14,Inbound,4,11.62,24.08,16.94,2026-08-28,https://opendata.transport.nsw.gov.au/data/dataset/5cc1f27a-984e-4d17-a158-c0a91fe5af5f/resource/be8727ce-4127-475e-9d27-b98fe7ddf5fc/download/bus_routes.csv
596,Hornsby to Hornsby Hts (Loop),Regular,CDC NSW R14,GSBC014,GSBC Contract 14,Inbound,8,5.18,19.03,14.8,2026-08-28,https://opendata.transport.nsw.gov.au/data/dataset/5cc1f27a-984e-4d17-a158-c0a91fe5af5f/resource/be8727ce-4127-475e-9d27-b98fe7ddf5fc/download/bus_routes.csv
597,Berowra to Hornsby,Regular,CDC NSW R14,GSBC014,GSBC Contract 14,Inbound; Outbound,11,3.06,23.47,13.85,2026-08-28,https://opendata.transport.nsw.gov.au/data/dataset/5cc1f27a-984e-4d17-a158-c0a91fe5af5f/resource/be8727ce-4127-475e-9d27-b98fe7ddf5fc/download/bus_routes.csv
598,Hornsby to Asquith (Loop),Regular,CDC NSW R14,GSBC014,GSBC Contract 14,Inbound; Outbound,8,6.21,15.11,11.29,2026-08-28,https://opendata.transport.nsw.gov.au/data/dataset/5cc1f27a-984e-4d17-a158-c0a91fe5af5f/resource/be8727ce-4127-475e-9d27-b98fe7ddf5fc/download/bus_routes.csv
599,Berowra to Berowra Hts (Loop),Regular,CDC NSW R14,GSBC014,GSBC Contract 14,Inbound,2,5.79,8.72,7.26,2026-08-28,https://opendata.transport.nsw.gov.au/data/dataset/5cc1f27a-984e-4d17-a158-c0a91fe5af5f/resource/be8727ce-4127-475e-9d27-b98fe7ddf5fc/download/bus_routes.csv
600,Pennant Hills to Parramatta,Regular,CDC NSW R4,GSBC004,GSBC Contract 4,Inbound; Outbound,8,9.43,21.38,16.66,2026-08-28,https://opendata.transport.nsw.gov.au/data/dataset/5cc1f27a-984e-4d17-a158-c0a91fe5af5f/resource/be8727ce-4127-475e-9d27-b98fe7ddf5fc/download/bus_routes.csv
601,Rouse Hill Station to Parramatta,Regular,CDC NSW R4,GSBC004,GSBC Contract 4,Inbound; Outbound,4,22.1,24.17,23.61,2026-08-28,https://opendata.transport.nsw.gov.au/data/dataset/5cc1f27a-984e-4d17-a158-c0a91fe5af5f/resource/be8727ce-4127-475e-9d27-b98fe7ddf5fc/download/bus_routes.csv
603,Rouse Hill Station to Parramatta via Glenhaven,Regular,CDC NSW R4,GSBC004,GSBC Contract 4,Inbound; Outbound,12,3.4,39.21,24.32,2026-08-28,https://opendata.transport.nsw.gov.au/data/dataset/5cc1f27a-984e-4d17-a158-c0a91fe5af5f/resource/be8727ce-4127-475e-9d27-b98fe7ddf5fc/download/bus_routes.csv
604,Dural to Parramatta via Castle Hill,Regular,CDC NSW R4,GSBC004,GSBC Contract 4,Inbound; Outbound,6,8.95,28.8,22.19,2026-08-28,https://opendata.transport.nsw.gov.au/data/dataset/5cc1f27a-984e-4d17-a158-c0a91fe5af5f/resource/be8727ce-4127-475e-9d27-b98fe7ddf5fc/download/bus_routes.csv
605,North Kellyville to Rouse Hill Station,Regular,CDC NSW R4,GSBC004,GSBC Contract 4,Inbound; Outbound,2,6.71,7,6.85,2026-08-28,https://opendata.transport.nsw.gov.au/data/dataset/5cc1f27a-984e-4d17-a158-c0a91fe5af5f/resource/be8727ce-4127-475e-9d27-b98fe7ddf5fc/download/bus_routes.csv
606,Winston Hills to Parramatta,Regular,CDC NSW R4,GSBC004,GSBC Contract 4,Inbound; Outbound,3,12.11,12.21,12.16,2026-08-28,https://opendata.transport.nsw.gov.au/data/dataset/5cc1f27a-984e-4d17-a158-c0a91fe5af5f/resource/be8727ce-4127-475e-9d27-b98fe7ddf5fc/download/bus_routes.csv
607X,Bella Vista Station to City QVB,Regular,CDC NSW R4,GSBC004,GSBC Contract 4,Inbound; Outbound,2,38.89,39.09,38.99,2026-08-28,https://opendata.transport.nsw.gov.au/data/dataset/5cc1f27a-984e-4d17-a158-c0a91fe5af5f/resource/be8727ce-4127-475e-9d27-b98fe7ddf5fc/download/bus_routes.csv
608,Windsor to Rouse Hill,Regular,CDC NSW R4,GSBC004,GSBC Contract 4,Inbound; Outbound,3,16.05,26,21.15,2026-08-28,https://opendata.transport.nsw.gov.au/data/dataset/5cc1f27a-984e-4d17-a158-c0a91fe5af5f/resource/be8727ce-4127-475e-9d27-b98fe7ddf5fc/download/bus_routes.csv
609,Parramatta to North Parramatta,Regular,CDC NSW R4,GSBC004,GSBC Contract 4,Inbound,3,4.98,8.73,6.27,2026-08-28,https://opendata.transport.nsw.gov.au/data/dataset/5cc1f27a-984e-4d17-a158-c0a91fe5af5f/resource/be8727ce-4127-475e-9d27-b98fe7ddf5fc/download/bus_routes.csv
610X,Castle Hill to City QVB,Regular,CDC NSW R4,GSBC004,GSBC Contract 4,Inbound; Outbound,2,33.77,34.28,34.03,2026-08-28,https://opendata.transport.nsw.gov.au/data/dataset/5cc1f27a-984e-4d17-a158-c0a91fe5af5f/resource/be8727ce-4127-475e-9d27-b98fe7ddf5fc/download/bus_routes.csv
611,Blacktown to Macquarie Park via M2 Mwy,Regular,CDC NSW R4,GSBC004,GSBC Contract 4,Inbound; Outbound,2,25.31,26.07,25.69,2026-08-28,https://opendata.transport.nsw.gov.au/data/dataset/5cc1f27a-984e-4d17-a158-c0a91fe5af5f/resource/be8727ce-4127-475e-9d27-b98fe7ddf5fc/download/bus_routes.csv
612X,Castle Hill to North Sydney,Regular,CDC NSW R4,GSBC004,GSBC Contract 4,Inbound; Outbound,2,25.08,25.55,25.32,2026-08-28,https://opendata.transport.nsw.gov.au/data/dataset/5cc1f27a-984e-4d17-a158-c0a91fe5af5f/resource/be8727ce-4127-475e-9d27-b98fe7ddf5fc/download/bus_routes.csv
613X,Bella Vista to City QVB,Regular,CDC NSW R4,GSBC004,GSBC Contract 4,Inbound; Outbound,4,38.57,40.66,39.62,2026-08-28,https://opendata.transport.nsw.gov.au/data/dataset/5cc1f27a-984e-4d17-a158-c0a91fe5af5f/resource/be8727ce-4127-475e-9d27-b98fe7ddf5fc/download/bus_routes.csv
614X,Crestwood to City QVB,Regular,CDC NSW R4,GSBC004,GSBC Contract 4,Inbound; Outbound,4,33.35,36.89,35.13,2026-08-28,https://opendata.transport.nsw.gov.au/data/dataset/5cc1f27a-984e-4d17-a158-c0a91fe5af5f/resource/be8727ce-4127-475e-9d27-b98fe7ddf5fc/download/bus_routes.csv
615X,North Kellyville to City QVB,Regular,CDC NSW R4,GSBC004,GSBC Contract 4,Inbound; Outbound,4,38.64,43.97,41.29,2026-08-28,https://opendata.transport.nsw.gov.au/data/dataset/5cc1f27a-984e-4d17-a158-c0a91fe5af5f/resource/be8727ce-4127-475e-9d27-b98fe7ddf5fc/download/bus_routes.csv
616X,Kellyville Ridge to City QVB,Regular,CDC NSW R4,GSBC004,GSBC Contract 4,Inbound; Outbound,3,41.32,44.05,43.11,2026-08-28,https://opendata.transport.nsw.gov.au/data/dataset/5cc1f27a-984e-4d17-a158-c0a91fe5af5f/resource/be8727ce-4127-475e-9d27-b98fe7ddf5fc/download/bus_routes.csv
617,Rouse Hill to Kellyville Stn via Beaumont Hills,Regular,CDC NSW R4,GSBC004,GSBC Contract 4,Inbound; Outbound,2,11.6,12.62,12.11,2026-08-28,https://opendata.transport.nsw.gov.au/data/dataset/5cc1f27a-984e-4d17-a158-c0a91fe5af5f/resource/be8727ce-4127-475e-9d27-b98fe7ddf5fc/download/bus_routes.csv
620X,Dural to City Wynyard via Cherrybrook,Regular,CDC NSW R4,GSBC004,GSBC Contract 4,Inbound; Outbound,2,30.34,31.78,31.06,2026-08-28,https://opendata.transport.nsw.gov.au/data/dataset/5cc1f27a-984e-4d17-a158-c0a91fe5af5f/resource/be8727ce-4127-475e-9d27-b98fe7ddf5fc/download/bus_routes.csv
622,Dural to Milsons Point via Cherrybrook,Regular,CDC NSW R4,GSBC004,GSBC Contract 4,Inbound; Outbound,2,26.74,27.03,26.88,2026-08-28,https://opendata.transport.nsw.gov.au/data/dataset/5cc1f27a-984e-4d17-a158-c0a91fe5af5f/resource/be8727ce-4127-475e-9d27-b98fe7ddf5fc/download/bus_routes.csv
625,Pennant Hills to Parramatta,Regular,CDC NSW R4,GSBC004,GSBC Contract 4,Inbound; Outbound,2,14.35,14.37,14.36,2026-08-28,https://opendata.transport.nsw.gov.au/data/dataset/5cc1f27a-984e-4d17-a158-c0a91fe5af5f/resource/be8727ce-4127-475e-9d27-b98fe7ddf5fc/download/bus_routes.csv
626,Kellyville to Pennant Hills via Cherrybrook,Regular,CDC NSW R4,GSBC004,GSBC Contract 4,Inbound; Outbound,9,7.16,28.1,15.39,2026-08-28,https://opendata.transport.nsw.gov.au/data/dataset/5cc1f27a-984e-4d17-a158-c0a91fe5af5f/resource/be8727ce-4127-475e-9d27-b98fe7ddf5fc/download/bus_routes.csv
630,Blacktown to Epping via Baulkham Hills,Regular,CDC NSW R4,GSBC004,GSBC Contract 4,Inbound; Outbound,4,23.77,26.72,25.3,2026-08-28,https://opendata.transport.nsw.gov.au/data/dataset/5cc1f27a-984e-4d17-a158-c0a91fe5af5f/resource/be8727ce-4127-475e-9d27-b98fe7ddf5fc/download/bus_routes.csv
632,Rouse Hill Station to Pennant Hills via Norwest,Regular,CDC NSW R4,GSBC004,GSBC Contract 4,Inbound; Outbound,4,11.78,28.38,21.23,2026-08-28,https://opendata.transport.nsw.gov.au/data/dataset/5cc1f27a-984e-4d17-a158-c0a91fe5af5f/resource/be8727ce-4127-475e-9d27-b98fe7ddf5fc/download/bus_routes.csv
633,Rouse Hill to Pennant Hills via Castle Hill,Regular,CDC NSW R4,GSBC004,GSBC Contract 4,Inbound; Outbound,7,8.58,29.39,18.66,2026-08-28,https://opendata.transport.nsw.gov.au/data/dataset/5cc1f27a-984e-4d17-a158-c0a91fe5af5f/resource/be8727ce-4127-475e-9d27-b98fe7ddf5fc/download/bus_routes.csv
634,Castle Hill - Castlewood Loop,Regular,CDC NSW R4,GSBC004,GSBC Contract 4,Inbound,1,5.8,5.8,5.8,2026-08-28,https://opendata.transport.nsw.gov.au/data/dataset/5cc1f27a-984e-4d17-a158-c0a91fe5af5f/resource/be8727ce-4127-475e-9d27-b98fe7ddf5fc/download/bus_routes.csv
635,Castle Hill to Beecroft via West Pennant Hills,Regular,CDC NSW R4,GSBC004,GSBC Contract 4,Inbound; Outbound,6,11.56,24.06,19.83,2026-08-28,https://opendata.transport.nsw.gov.au/data/dataset/5cc1f27a-984e-4d17-a158-c0a91fe5af5f/resource/be8727ce-4127-475e-9d27-b98fe7ddf5fc/download/bus_routes.csv
637,Glenorie to Castle Hill via Round Corner,Regular,CDC NSW R4,GSBC004,GSBC Contract 4,Inbound; Outbound,11,5.64,21.77,16.88,2026-08-28,https://opendata.transport.nsw.gov.au/data/dataset/5cc1f27a-984e-4d17-a158-c0a91fe5af5f/resource/be8727ce-4127-475e-9d27-b98fe7ddf5fc/download/bus_routes.csv
638,Berowra Waters to Castle Hill or Pennant Hills,Regular,CDC NSW R4,GSBC004,GSBC Contract 4,Inbound; Outbound,16,9.93,33.69,26.79,2026-08-28,https://opendata.transport.nsw.gov.au/data/dataset/5cc1f27a-984e-4d17-a158-c0a91fe5af5f/resource/be8727ce-4127-475e-9d27-b98fe7ddf5fc/download/bus_routes.csv
639,Maraylya to Dural and Castle Hill via Kenthurst,Regular,CDC NSW R4,GSBC004,GSBC Contract 4,Inbound; Outbound,10,5.08,24.35,17.05,2026-08-28,https://opendata.transport.nsw.gov.au/data/dataset/5cc1f27a-984e-4d17-a158-c0a91fe5af5f/resource/be8727ce-4127-475e-9d27-b98fe7ddf5fc/download/bus_routes.csv
640,Kenthurst Cadwells Rd to Kenthurst Pitt Town Rd,Regular,CDC NSW R4,GSBC004,GSBC Contract 4,Inbound; Outbound,2,4.5,4.5,4.5,2026-08-28,https://opendata.transport.nsw.gov.au/data/dataset/5cc1f27a-984e-4d17-a158-c0a91fe5af5f/resource/be8727ce-4127-475e-9d27-b98fe7ddf5fc/download/bus_routes.csv
641,Rouse Hill to Dural,Regular,CDC NSW R4,GSBC004,GSBC Contract 4,Inbound; Outbound,2,15.68,16.95,16.31,2026-08-28,https://opendata.transport.nsw.gov.au/data/dataset/5cc1f27a-984e-4d17-a158-c0a91fe5af5f/resource/be8727ce-4127-475e-9d27-b98fe7ddf5fc/download/bus_routes.csv
642X,Dural to City Wynyard,Regular,CDC NSW R4,GSBC004,GSBC Contract 4,Inbound; Outbound,4,7.35,37.24,22.03,2026-08-28,https://opendata.transport.nsw.gov.au/data/dataset/5cc1f27a-984e-4d17-a158-c0a91fe5af5f/resource/be8727ce-4127-475e-9d27-b98fe7ddf5fc/download/bus_routes.csv
643,Gables to Rouse Hill via Box Hill,Regular,CDC NSW R4,GSBC004,GSBC Contract 4,Inbound; Outbound,3,15.38,16.38,15.72,2026-08-28,https://opendata.transport.nsw.gov.au/data/dataset/5cc1f27a-984e-4d17-a158-c0a91fe5af5f/resource/be8727ce-4127-475e-9d27-b98fe7ddf5fc/download/bus_routes.csv
651,Rouse Hill Station to Epping via Castle Hill,Regular,CDC NSW R4,GSBC004,GSBC Contract 4,Inbound; Outbound,6,12.63,26.26,17.5,2026-08-28,https://opendata.transport.nsw.gov.au/data/dataset/5cc1f27a-984e-4d17-a158-c0a91fe5af5f/resource/be8727ce-4127-475e-9d27-b98fe7ddf5fc/download/bus_routes.csv
652X,West Pennant Hills to City Wynyard,Regular,CDC NSW R4,GSBC004,GSBC Contract 4,Inbound; Outbound,2,32.14,33.41,32.77,2026-08-28,https://opendata.transport.nsw.gov.au/data/dataset/5cc1f27a-984e-4d17-a158-c0a91fe5af5f/resource/be8727ce-4127-475e-9d27-b98fe7ddf5fc/download/bus_routes.csv
660,Castlewood to Parramatta via Norwest,Regular,CDC NSW R4,GSBC004,GSBC Contract 4,Inbound; Outbound,9,8.22,22.7,18.59,2026-08-28,https://opendata.transport.nsw.gov.au/data/dataset/5cc1f27a-984e-4d17-a158-c0a91fe5af5f/resource/be8727ce-4127-475e-9d27-b98fe7ddf5fc/download/bus_routes.csv
661,Blacktown to Parramatta via Kings Langley,Regular,CDC NSW R4,GSBC004,GSBC Contract 4,Inbound; Outbound,3,18.07,18.22,18.13,2026-08-28,https://opendata.transport.nsw.gov.au/data/dataset/5cc1f27a-984e-4d17-a158-c0a91fe5af5f/resource/be8727ce-4127-475e-9d27-b98fe7ddf5fc/download/bus_routes.csv
662,Castle Hill to Parramatta via Norwest,Regular,CDC NSW R4,GSBC004,GSBC Contract 4,Inbound; Outbound,7,4.25,22,16.8,2026-08-28,https://opendata.transport.nsw.gov.au/data/dataset/5cc1f27a-984e-4d17-a158-c0a91fe5af5f/resource/be8727ce-4127-475e-9d27-b98fe7ddf5fc/download/bus_routes.csv
663,Rouse Hill Station to Parramatta via Glenwood,Regular,CDC NSW R4,GSBC004,GSBC Contract 4,Inbound; Outbound,5,20.81,22.12,21.34,2026-08-28,https://opendata.transport.nsw.gov.au/data/dataset/5cc1f27a-984e-4d17-a158-c0a91fe5af5f/resource/be8727ce-4127-475e-9d27-b98fe7ddf5fc/download/bus_routes.csv
664,Rouse Hill Station to Parramatta via Norwest,Regular,CDC NSW R4,GSBC004,GSBC Contract 4,Inbound; Outbound,5,14.44,24.68,20.57,2026-08-28,https://opendata.transport.nsw.gov.au/data/dataset/5cc1f27a-984e-4d17-a158-c0a91fe5af5f/resource/be8727ce-4127-475e-9d27-b98fe7ddf5fc/download/bus_routes.csv
665,Rouse Hill Station to Parramatta,Regular,CDC NSW R4,GSBC004,GSBC Contract 4,Inbound; Outbound,5,17.08,17.21,17.14,2026-08-28,https://opendata.transport.nsw.gov.au/data/dataset/5cc1f27a-984e-4d17-a158-c0a91fe5af5f/resource/be8727ce-4127-475e-9d27-b98fe7ddf5fc/download/bus_routes.csv
668,Windsor to Richmond via Wilberforce and Glossodia,Regular,Busways R1,GSBC001,GSBC Contract 1,Inbound; Outbound,22,10.33,44.52,29.47,2026-08-28,https://opendata.transport.nsw.gov.au/data/dataset/5cc1f27a-984e-4d17-a158-c0a91fe5af5f/resource/be8727ce-4127-475e-9d27-b98fe7ddf5fc/download/bus_routes.csv
669,Ebenezer to Wilberforce via Sackville,Regular,Busways R1,GSBC001,GSBC Contract 1,Inbound; Outbound,4,19.2,19.23,19.21,2026-08-28,https://opendata.transport.nsw.gov.au/data/dataset/5cc1f27a-984e-4d17-a158-c0a91fe5af5f/resource/be8727ce-4127-475e-9d27-b98fe7ddf5fc/download/bus_routes.csv
671,Windsor - Riverstone via McGraths Hill & Vineyard,Regular,Busways R1,GSBC001,GSBC Contract 1,Inbound,20,3.33,20.99,14.74,2026-08-28,https://opendata.transport.nsw.gov.au/data/dataset/5cc1f27a-984e-4d17-a158-c0a91fe5af5f/resource/be8727ce-4127-475e-9d27-b98fe7ddf5fc/download/bus_routes.csv
672,Windsor - Wisemans Ferry via Pitt Town & Oakville,Regular,Busways R1,GSBC001,GSBC Contract 1,Inbound,21,6.69,45.94,30.7,2026-08-28,https://opendata.transport.nsw.gov.au/data/dataset/5cc1f27a-984e-4d17-a158-c0a91fe5af5f/resource/be8727ce-4127-475e-9d27-b98fe7ddf5fc/download/bus_routes.csv
673,Windsor to Penrith via Llandilo & Cranebrook,Regular,Busways R1,GSBC001,GSBC Contract 1,Inbound; Outbound,14,26.58,41.65,31.39,2026-08-28,https://opendata.transport.nsw.gov.au/data/dataset/5cc1f27a-984e-4d17-a158-c0a91fe5af5f/resource/be8727ce-4127-475e-9d27-b98fe7ddf5fc/download/bus_routes.csv
674,Windsor to Mt Druitt via South Windsor & Shanes Park,Regular,Busways R1,GSBC001,GSBC Contract 1,Inbound; Outbound,14,24.37,42.14,31.69,2026-08-28,https://opendata.transport.nsw.gov.au/data/dataset/5cc1f27a-984e-4d17-a158-c0a91fe5af5f/resource/be8727ce-4127-475e-9d27-b98fe7ddf5fc/download/bus_routes.csv
675A,Windsor to Richmond via RAAF Base & Bligh Park (Loop Service),Regular,Busways R1,GSBC001,GSBC Contract 1,Inbound,16,7.92,30.54,20.65,2026-08-28,https://opendata.transport.nsw.gov.au/data/dataset/5cc1f27a-984e-4d17-a158-c0a91fe5af5f/resource/be8727ce-4127-475e-9d27-b98fe7ddf5fc/download/bus_routes.csv
675C,Windsor to Richmond via Bligh Park & RAAF Base (Loop Service),Regular,Busways R1,GSBC001,GSBC Contract 1,Inbound,17,7.94,31.33,23.11,2026-08-28,https://opendata.transport.nsw.gov.au/data/dataset/5cc1f27a-984e-4d17-a158-c0a91fe5af5f/resource/be8727ce-4127-475e-9d27-b98fe7ddf5fc/download/bus_routes.csv
676,Windsor to South Windsor Loop,Regular,Busways R1,GSBC001,GSBC Contract 1,Inbound,14,6.33,13.23,9.89,2026-08-28,https://opendata.transport.nsw.gov.au/data/dataset/5cc1f27a-984e-4d17-a158-c0a91fe5af5f/resource/be8727ce-4127-475e-9d27-b98fe7ddf5fc/download/bus_routes.csv
677,Richmond to Penrith via Londonderry,Regular,Busways R1,GSBC001,GSBC Contract 1,Inbound; Outbound,13,15.62,32.23,25.42,2026-08-28,https://opendata.transport.nsw.gov.au/data/dataset/5cc1f27a-984e-4d17-a158-c0a91fe5af5f/resource/be8727ce-4127-475e-9d27-b98fe7ddf5fc/download/bus_routes.csv
678,Richmond to Penrith via Agnes Banks & Castlereagh,Regular,Busways R1,GSBC001,GSBC Contract 1,Inbound; Outbound,8,2.88,31.91,25.72,2026-08-28,https://opendata.transport.nsw.gov.au/data/dataset/5cc1f27a-984e-4d17-a158-c0a91fe5af5f/resource/be8727ce-4127-475e-9d27-b98fe7ddf5fc/download/bus_routes.csv
679,Windsor - Maraylya via McGraths Hill,Regular,Busways R1,GSBC001,GSBC Contract 1,Inbound; Outbound,2,26.61,30.7,28.65,2026-08-28,https://opendata.transport.nsw.gov.au/data/dataset/5cc1f27a-984e-4d17-a158-c0a91fe5af5f/resource/be8727ce-4127-475e-9d27-b98fe7ddf5fc/download/bus_routes.csv
680,Richmond to Bowen Mountain via Grose Vale & Grose Wold (Loop Service),Regular,Busways R1,GSBC001,GSBC Contract 1,Inbound,23,13.4,45.09,29.98,2026-08-28,https://opendata.transport.nsw.gov.au/data/dataset/5cc1f27a-984e-4d17-a158-c0a91fe5af5f/resource/be8727ce-4127-475e-9d27-b98fe7ddf5fc/download/bus_routes.csv
682,Richmond to Kurrajong & Berambing (Loop Service),Regular,Busways R1,GSBC001,GSBC Contract 1,Inbound,14,11.02,45.63,27.15,2026-08-28,https://opendata.transport.nsw.gov.au/data/dataset/5cc1f27a-984e-4d17-a158-c0a91fe5af5f/resource/be8727ce-4127-475e-9d27-b98fe7ddf5fc/download/bus_routes.csv
700,Blacktown to Parramatta,Regular,CDC NSW R4,GSBC004,GSBC Contract 4,Inbound; Outbound,5,15.38,15.75,15.63,2026-08-28,https://opendata.transport.nsw.gov.au/data/dataset/5cc1f27a-984e-4d17-a158-c0a91fe5af5f/resource/be8727ce-4127-475e-9d27-b98fe7ddf5fc/download/bus_routes.csv
702,Blacktown to Seven Hills,Regular,CDC NSW R4,GSBC004,GSBC Contract 4,Inbound; Outbound,4,6.53,10.99,8.8,2026-08-28,https://opendata.transport.nsw.gov.au/data/dataset/5cc1f27a-984e-4d17-a158-c0a91fe5af5f/resource/be8727ce-4127-475e-9d27-b98fe7ddf5fc/download/bus_routes.csv
705,Blacktown to Parramatta via Pendle Hill,Regular,CDC NSW R4,GSBC004,GSBC Contract 4,Inbound; Outbound,10,7.24,25.19,18.16,2026-08-28,https://opendata.transport.nsw.gov.au/data/dataset/5cc1f27a-984e-4d17-a158-c0a91fe5af5f/resource/be8727ce-4127-475e-9d27-b98fe7ddf5fc/download/bus_routes.csv
706,Blacktown to Parramatta via Winston Hills,Regular,CDC NSW R4,GSBC004,GSBC Contract 4,Inbound; Outbound,5,8.47,19.99,13.1,2026-08-28,https://opendata.transport.nsw.gov.au/data/dataset/5cc1f27a-984e-4d17-a158-c0a91fe5af5f/resource/be8727ce-4127-475e-9d27-b98fe7ddf5fc/download/bus_routes.csv
708,Constitution Hill RC to Parramatta,Regular,CDC NSW R4,GSBC004,GSBC Contract 4,Inbound; Outbound,2,12.88,13.31,13.09,2026-08-28,https://opendata.transport.nsw.gov.au/data/dataset/5cc1f27a-984e-4d17-a158-c0a91fe5af5f/resource/be8727ce-4127-475e-9d27-b98fe7ddf5fc/download/bus_routes.csv
709,Constitution Hill RC to Wentworthville,Regular,CDC NSW R4,GSBC004,GSBC Contract 4,Inbound; Outbound,2,8.51,8.69,8.6,2026-08-28,https://opendata.transport.nsw.gov.au/data/dataset/5cc1f27a-984e-4d17-a158-c0a91fe5af5f/resource/be8727ce-4127-475e-9d27-b98fe7ddf5fc/download/bus_routes.csv
711,Blacktown to Parramatta via Constitution Hill,Regular,CDC NSW R4,GSBC004,GSBC Contract 4,Inbound; Outbound,4,8.39,26.01,21.38,2026-08-28,https://opendata.transport.nsw.gov.au/data/dataset/5cc1f27a-984e-4d17-a158-c0a91fe5af5f/resource/be8727ce-4127-475e-9d27-b98fe7ddf5fc/download/bus_routes.csv
714,Norwest Station to Seven Hills via Crestwood,Regular,CDC NSW R4,GSBC004,GSBC Contract 4,Inbound; Outbound,2,11.11,11.41,11.26,2026-08-28,https://opendata.transport.nsw.gov.au/data/dataset/5cc1f27a-984e-4d17-a158-c0a91fe5af5f/resource/be8727ce-4127-475e-9d27-b98fe7ddf5fc/download/bus_routes.csv
715,Rouse Hill Station to Seven Hills via Norwest,Regular,CDC NSW R4,GSBC004,GSBC Contract 4,Inbound; Outbound,2,20.41,21.28,20.85,2026-08-28,https://opendata.transport.nsw.gov.au/data/dataset/5cc1f27a-984e-4d17-a158-c0a91fe5af5f/resource/be8727ce-4127-475e-9d27-b98fe7ddf5fc/download/bus_routes.csv
718,Seven Hills - Kings Langley,Regular,Busways R1,GSBC001,GSBC Contract 1,Inbound; Outbound,8,6.14,6.46,6.3,2026-08-28,https://opendata.transport.nsw.gov.au/data/dataset/5cc1f27a-984e-4d17-a158-c0a91fe5af5f/resource/be8727ce-4127-475e-9d27-b98fe7ddf5fc/download/bus_routes.csv
721,Blacktown - Blacktown Hospital,Regular,Busways R1,GSBC001,GSBC Contract 1,Inbound,1,5.47,5.47,5.47,2026-08-28,https://opendata.transport.nsw.gov.au/data/dataset/5cc1f27a-984e-4d17-a158-c0a91fe5af5f/resource/be8727ce-4127-475e-9d27-b98fe7ddf5fc/download/bus_routes.csv
722,Blacktown - Prospect Loop via Flushcombe Rd,Regular,Busways R1,GSBC001,GSBC Contract 1,Inbound,15,8.03,13.54,11.39,2026-08-28,https://opendata.transport.nsw.gov.au/data/dataset/5cc1f27a-984e-4d17-a158-c0a91fe5af5f/resource/be8727ce-4127-475e-9d27-b98fe7ddf5fc/download/bus_routes.csv
723,Blacktown-Mt Druitt via Eastern Creek,Regular,Busways R1,GSBC001,GSBC Contract 1,Inbound; Outbound,4,21.74,21.99,21.87,2026-08-28,https://opendata.transport.nsw.gov.au/data/dataset/5cc1f27a-984e-4d17-a158-c0a91fe5af5f/resource/be8727ce-4127-475e-9d27-b98fe7ddf5fc/download/bus_routes.csv
724,Blacktown - Arndell Park Loop (+Huntingwood Indu),Regular,Busways R1,GSBC001,GSBC Contract 1,Inbound,15,3.87,19.08,12.19,2026-08-28,https://opendata.transport.nsw.gov.au/data/dataset/5cc1f27a-984e-4d17-a158-c0a91fe5af5f/resource/be8727ce-4127-475e-9d27-b98fe7ddf5fc/download/bus_routes.csv
726,Blacktown - Bunya via Monash Rd,Regular,Busways R1,GSBC001,GSBC Contract 1,Inbound,6,5.56,12.49,8.74,2026-08-28,https://opendata.transport.nsw.gov.au/data/dataset/5cc1f27a-984e-4d17-a158-c0a91fe5af5f/resource/be8727ce-4127-475e-9d27-b98fe7ddf5fc/download/bus_routes.csv
728,Blacktown - Mt Druitt,Regular,Busways R1,GSBC001,GSBC Contract 1,Inbound; Outbound,21,4.61,21.13,14.25,2026-08-28,https://opendata.transport.nsw.gov.au/data/dataset/5cc1f27a-984e-4d17-a158-c0a91fe5af5f/resource/be8727ce-4127-475e-9d27-b98fe7ddf5fc/download/bus_routes.csv
729,Blacktown - Mt Druitt,Regular,Busways R1,GSBC001,GSBC Contract 1,Inbound; Outbound,21,5.27,19.18,14.1,2026-08-28,https://opendata.transport.nsw.gov.au/data/dataset/5cc1f27a-984e-4d17-a158-c0a91fe5af5f/resource/be8727ce-4127-475e-9d27-b98fe7ddf5fc/download/bus_routes.csv
730,Castle Hill to Blacktown via Norwest & Glenwood,Regular,Busways R1,GSBC001,GSBC Contract 1,Inbound; Outbound,17,8.45,18.04,15.52,2026-08-28,https://opendata.transport.nsw.gov.au/data/dataset/5cc1f27a-984e-4d17-a158-c0a91fe5af5f/resource/be8727ce-4127-475e-9d27-b98fe7ddf5fc/download/bus_routes.csv
731,Rouse Hill to Blacktown via Stanhope Gardens,Regular,Busways R1,GSBC001,GSBC Contract 1,Inbound; Outbound,14,10.07,13.52,11.68,2026-08-28,https://opendata.transport.nsw.gov.au/data/dataset/5cc1f27a-984e-4d17-a158-c0a91fe5af5f/resource/be8727ce-4127-475e-9d27-b98fe7ddf5fc/download/bus_routes.csv
732,Rouse Hill to Blacktown via The Ponds,Regular,Busways R1,GSBC001,GSBC Contract 1,Inbound; Outbound,7,9.2,20.26,16.01,2026-08-28,https://opendata.transport.nsw.gov.au/data/dataset/5cc1f27a-984e-4d17-a158-c0a91fe5af5f/resource/be8727ce-4127-475e-9d27-b98fe7ddf5fc/download/bus_routes.csv
734,Blacktown - Riverstone via The Ponds & Schofields,Regular,Busways R1,GSBC001,GSBC Contract 1,Inbound; Outbound,14,5.11,22.48,16.11,2026-08-28,https://opendata.transport.nsw.gov.au/data/dataset/5cc1f27a-984e-4d17-a158-c0a91fe5af5f/resource/be8727ce-4127-475e-9d27-b98fe7ddf5fc/download/bus_routes.csv
735,Blacktown-Rouse Hill,Regular,Busways R1,GSBC001,GSBC Contract 1,Inbound,6,11.12,21.48,15.17,2026-08-28,https://opendata.transport.nsw.gov.au/data/dataset/5cc1f27a-984e-4d17-a158-c0a91fe5af5f/resource/be8727ce-4127-475e-9d27-b98fe7ddf5fc/download/bus_routes.csv
738,Mt Druitt&Rooty Hill-EasternCkBusinePk(+HorsleyPk),Regular,Busways R1,GSBC001,GSBC Contract 1,Inbound,6,24.94,31.51,27.13,2026-08-28,https://opendata.transport.nsw.gov.au/data/dataset/5cc1f27a-984e-4d17-a158-c0a91fe5af5f/resource/be8727ce-4127-475e-9d27-b98fe7ddf5fc/download/bus_routes.csv
739V,Mt Druitt - Mt Druitt Village,Regular,Busways R1,GSBC001,GSBC Contract 1,Inbound,1,5.07,5.07,5.07,2026-08-28,https://opendata.transport.nsw.gov.au/data/dataset/5cc1f27a-984e-4d17-a158-c0a91fe5af5f/resource/be8727ce-4127-475e-9d27-b98fe7ddf5fc/download/bus_routes.csv
740,Rouse Hill to Box Hill,Regular,Busways R1,GSBC001,GSBC Contract 1,Inbound; Outbound,4,10.89,13.17,11.86,2026-08-28,https://opendata.transport.nsw.gov.au/data/dataset/5cc1f27a-984e-4d17-a158-c0a91fe5af5f/resource/be8727ce-4127-475e-9d27-b98fe7ddf5fc/download/bus_routes.csv
741,Oakville to Riverstone via Maraylya,Regular,Busways R1,GSBC001,GSBC Contract 1,Inbound; Outbound,4,7.93,29.74,18.88,2026-08-28,https://opendata.transport.nsw.gov.au/data/dataset/5cc1f27a-984e-4d17-a158-c0a91fe5af5f/resource/be8727ce-4127-475e-9d27-b98fe7ddf5fc/download/bus_routes.csv
742,Rouse Hill to Riverstone & Marsden Park,Regular,Busways R1,GSBC001,GSBC Contract 1,Inbound; Outbound,8,10.56,19.19,14.79,2026-08-28,https://opendata.transport.nsw.gov.au/data/dataset/5cc1f27a-984e-4d17-a158-c0a91fe5af5f/resource/be8727ce-4127-475e-9d27-b98fe7ddf5fc/download/bus_routes.csv
743,Blacktown - Kings Park & Kings Langley,Regular,Busways R1,GSBC001,GSBC Contract 1,Inbound; Outbound,9,9.22,9.58,9.33,2026-08-28,https://opendata.transport.nsw.gov.au/data/dataset/5cc1f27a-984e-4d17-a158-c0a91fe5af5f/resource/be8727ce-4127-475e-9d27-b98fe7ddf5fc/download/bus_routes.csv
744,Blacktown - Blacktown Industrial Area(Bessemer St),Regular,Busways R1,GSBC001,GSBC Contract 1,Inbound; Outbound,2,3.39,4.22,3.8,2026-08-28,https://opendata.transport.nsw.gov.au/data/dataset/5cc1f27a-984e-4d17-a158-c0a91fe5af5f/resource/be8727ce-4127-475e-9d27-b98fe7ddf5fc/download/bus_routes.csv
745,Bella Vista to St Marys via Plumpton,Regular,Busways R1,GSBC001,GSBC Contract 1,Inbound; Outbound,13,12.04,33.48,26.2,2026-08-28,https://opendata.transport.nsw.gov.au/data/dataset/5cc1f27a-984e-4d17-a158-c0a91fe5af5f/resource/be8727ce-4127-475e-9d27-b98fe7ddf5fc/download/bus_routes.csv
746,Riverstone to Rouse Hill via Box Hill,Regular,Busways R1,GSBC001,GSBC Contract 1,Inbound; Outbound,10,10.89,24.4,17.45,2026-08-28,https://opendata.transport.nsw.gov.au/data/dataset/5cc1f27a-984e-4d17-a158-c0a91fe5af5f/resource/be8727ce-4127-475e-9d27-b98fe7ddf5fc/download/bus_routes.csv
747,Mt Druitt to Rouse Hill via MarsdenPark/Riverstone,Regular,Busways R1,GSBC001,GSBC Contract 1,Inbound; Outbound,20,4.95,37.47,23.35,2026-08-28,https://opendata.transport.nsw.gov.au/data/dataset/5cc1f27a-984e-4d17-a158-c0a91fe5af5f/resource/be8727ce-4127-475e-9d27-b98fe7ddf5fc/download/bus_routes.csv
748,Rouse Hill to Marsden Park via Schofields,Regular,Busways R1,GSBC001,GSBC Contract 1,Inbound; Outbound,6,13.86,14.41,14.07,2026-08-28,https://opendata.transport.nsw.gov.au/data/dataset/5cc1f27a-984e-4d17-a158-c0a91fe5af5f/resource/be8727ce-4127-475e-9d27-b98fe7ddf5fc/download/bus_routes.csv
750,Mt Druitt - Blacktown via Carlisle Avenue,Regular,Busways R1,GSBC001,GSBC Contract 1,Inbound; Outbound,12,5.53,15.19,12.31,2026-08-28,https://opendata.transport.nsw.gov.au/data/dataset/5cc1f27a-984e-4d17-a158-c0a91fe5af5f/resource/be8727ce-4127-475e-9d27-b98fe7ddf5fc/download/bus_routes.csv
751,Blacktown to Marsden Park via Colebee,Regular,Busways R1,GSBC001,GSBC Contract 1,Inbound; Outbound,5,19.15,20.36,19.63,2026-08-28,https://opendata.transport.nsw.gov.au/data/dataset/5cc1f27a-984e-4d17-a158-c0a91fe5af5f/resource/be8727ce-4127-475e-9d27-b98fe7ddf5fc/download/bus_routes.csv
752,Blacktown - Rouse Hill,Regular,Busways R1,GSBC001,GSBC Contract 1,Inbound; Outbound,15,11.93,22.66,17.04,2026-08-28,https://opendata.transport.nsw.gov.au/data/dataset/5cc1f27a-984e-4d17-a158-c0a91fe5af5f/resource/be8727ce-4127-475e-9d27-b98fe7ddf5fc/download/bus_routes.csv
753,Blacktown - Doonside via Tallagandra,Regular,Busways R1,GSBC001,GSBC Contract 1,Inbound,18,9.56,20.11,15.81,2026-08-28,https://opendata.transport.nsw.gov.au/data/dataset/5cc1f27a-984e-4d17-a158-c0a91fe5af5f/resource/be8727ce-4127-475e-9d27-b98fe7ddf5fc/download/bus_routes.csv
754,Blacktown - Mt Druitt Via Hassle Grove,Regular,Busways R1,GSBC001,GSBC Contract 1,Inbound,36,7.86,21.26,14.73,2026-08-28,https://opendata.transport.nsw.gov.au/data/dataset/5cc1f27a-984e-4d17-a158-c0a91fe5af5f/resource/be8727ce-4127-475e-9d27-b98fe7ddf5fc/download/bus_routes.csv
755,MtDruitt - Plumpton Market Place via Shalvey,Regular,Busways R1,GSBC001,GSBC Contract 1,Inbound; Outbound,7,7.55,13.55,10.13,2026-08-28,https://opendata.transport.nsw.gov.au/data/dataset/5cc1f27a-984e-4d17-a158-c0a91fe5af5f/resource/be8727ce-4127-475e-9d27-b98fe7ddf5fc/download/bus_routes.csv
756,Mt Druitt to Blacktown via Plumpton & Woodcroft,Regular,Busways R1,GSBC001,GSBC Contract 1,Inbound; Outbound,22,7.87,19.27,15.49,2026-08-28,https://opendata.transport.nsw.gov.au/data/dataset/5cc1f27a-984e-4d17-a158-c0a91fe5af5f/resource/be8727ce-4127-475e-9d27-b98fe7ddf5fc/download/bus_routes.csv
758,MtDruitt - StMarys Via Shalvey/Tregear,Regular,Busways R1,GSBC001,GSBC Contract 1,Inbound,19,6.59,15.77,12.04,2026-08-28,https://opendata.transport.nsw.gov.au/data/dataset/5cc1f27a-984e-4d17-a158-c0a91fe5af5f/resource/be8727ce-4127-475e-9d27-b98fe7ddf5fc/download/bus_routes.csv
759,St Marys to Mt Druitt,Regular,Busways R1,GSBC001,GSBC Contract 1,Inbound,23,5.44,21.88,15.12,2026-08-28,https://opendata.transport.nsw.gov.au/data/dataset/5cc1f27a-984e-4d17-a158-c0a91fe5af5f/resource/be8727ce-4127-475e-9d27-b98fe7ddf5fc/download/bus_routes.csv
761,Mt Druitt to Bidwill via Chestnut Crescent,Regular,Busways R1,GSBC001,GSBC Contract 1,Inbound,7,6.89,13.88,11.52,2026-08-28,https://opendata.transport.nsw.gov.au/data/dataset/5cc1f27a-984e-4d17-a158-c0a91fe5af5f/resource/be8727ce-4127-475e-9d27-b98fe7ddf5fc/download/bus_routes.csv
770,Mt Druitt to Penrith,Regular,Busways R1,GSBC001,GSBC Contract 1,Inbound; Outbound,13,21.85,23.15,22.3,2026-08-28,https://opendata.transport.nsw.gov.au/data/dataset/5cc1f27a-984e-4d17-a158-c0a91fe5af5f/resource/be8727ce-4127-475e-9d27-b98fe7ddf5fc/download/bus_routes.csv
771,Mt Druitt to St Marys via Colyton,Regular,Busways R1,GSBC001,GSBC Contract 1,Inbound; Outbound,9,7.66,12.1,10.98,2026-08-28,https://opendata.transport.nsw.gov.au/data/dataset/5cc1f27a-984e-4d17-a158-c0a91fe5af5f/resource/be8727ce-4127-475e-9d27-b98fe7ddf5fc/download/bus_routes.csv
772,Aerotropolis - Mt Druitt Interchange,Regular,Busways R1,GSBC001,GSBC Contract 1,Inbound; Outbound,2,25.98,26.32,26.15,2026-08-28,https://opendata.transport.nsw.gov.au/data/dataset/5cc1f27a-984e-4d17-a158-c0a91fe5af5f/resource/be8727ce-4127-475e-9d27-b98fe7ddf5fc/download/bus_routes.csv
774,Mt Druitt to Penrith via Nepean Hospital,Regular,Busways R1,GSBC001,GSBC Contract 1,Inbound; Outbound,9,14.32,22.1,20.29,2026-08-28,https://opendata.transport.nsw.gov.au/data/dataset/5cc1f27a-984e-4d17-a158-c0a91fe5af5f/resource/be8727ce-4127-475e-9d27-b98fe7ddf5fc/download/bus_routes.csv
775,Mt Druitt to Penrith via Erskine Park,Regular,Busways R1,GSBC001,GSBC Contract 1,Inbound; Outbound,17,9.78,28.47,23.12,2026-08-28,https://opendata.transport.nsw.gov.au/data/dataset/5cc1f27a-984e-4d17-a158-c0a91fe5af5f/resource/be8727ce-4127-475e-9d27-b98fe7ddf5fc/download/bus_routes.csv
776,Mt Druitt to Penrith via St Clair,Regular,Busways R1,GSBC001,GSBC Contract 1,Inbound; Outbound,16,9.78,28.01,23.86,2026-08-28,https://opendata.transport.nsw.gov.au/data/dataset/5cc1f27a-984e-4d17-a158-c0a91fe5af5f/resource/be8727ce-4127-475e-9d27-b98fe7ddf5fc/download/bus_routes.csv
779,St Marys to Erskine Park via Mamre Rd,Regular,Busways R1,GSBC001,GSBC Contract 1,Inbound; Outbound,2,13.27,13.35,13.31,2026-08-28,https://opendata.transport.nsw.gov.au/data/dataset/5cc1f27a-984e-4d17-a158-c0a91fe5af5f/resource/be8727ce-4127-475e-9d27-b98fe7ddf5fc/download/bus_routes.csv
780,Penrith to Mt Druitt via Christie St,Regular,Busways R1,GSBC001,GSBC Contract 1,Inbound,23,5.59,24.35,15.22,2026-08-28,https://opendata.transport.nsw.gov.au/data/dataset/5cc1f27a-984e-4d17-a158-c0a91fe5af5f/resource/be8727ce-4127-475e-9d27-b98fe7ddf5fc/download/bus_routes.csv
781,Penrith to St Marys via Orchard Hills,Regular,Busways R1,GSBC001,GSBC Contract 1,Inbound; Outbound,8,9.79,23.56,16.36,2026-08-28,https://opendata.transport.nsw.gov.au/data/dataset/5cc1f27a-984e-4d17-a158-c0a91fe5af5f/resource/be8727ce-4127-475e-9d27-b98fe7ddf5fc/download/bus_routes.csv
782,St Marys to Penrith,Regular,Busways R1,GSBC001,GSBC Contract 1,Inbound; Outbound,13,8.33,21.68,14.81,2026-08-28,https://opendata.transport.nsw.gov.au/data/dataset/5cc1f27a-984e-4d17-a158-c0a91fe5af5f/resource/be8727ce-4127-475e-9d27-b98fe7ddf5fc/download/bus_routes.csv
783,Penrith to Werrington via Jordan Springs,Regular,Busways R1,GSBC001,GSBC Contract 1,Inbound; Outbound,9,8.64,17.96,15.47,2026-08-28,https://opendata.transport.nsw.gov.au/data/dataset/5cc1f27a-984e-4d17-a158-c0a91fe5af5f/resource/be8727ce-4127-475e-9d27-b98fe7ddf5fc/download/bus_routes.csv
784,Penrith to Cranebrook Loop,Regular,Busways R1,GSBC001,GSBC Contract 1,Inbound,8,10.83,21.11,17.06,2026-08-28,https://opendata.transport.nsw.gov.au/data/dataset/5cc1f27a-984e-4d17-a158-c0a91fe5af5f/resource/be8727ce-4127-475e-9d27-b98fe7ddf5fc/download/bus_routes.csv
785,Penrith to Werrington via Cambridge Park,Regular,Busways R1,GSBC001,GSBC Contract 1,Inbound,11,9.15,20.59,16.82,2026-08-28,https://opendata.transport.nsw.gov.au/data/dataset/5cc1f27a-984e-4d17-a158-c0a91fe5af5f/resource/be8727ce-4127-475e-9d27-b98fe7ddf5fc/download/bus_routes.csv
786,Penrith to Penrith via North Penrith & Cranebrook,Regular,Busways R1,GSBC001,GSBC Contract 1,Inbound,13,13.52,28.41,22.57,2026-08-28,https://opendata.transport.nsw.gov.au/data/dataset/5cc1f27a-984e-4d17-a158-c0a91fe5af5f/resource/be8727ce-4127-475e-9d27-b98fe7ddf5fc/download/bus_routes.csv
789,Luddenham to Penrith,Regular,Busways R1,GSBC001,GSBC Contract 1,Inbound; Outbound,5,18.08,20.58,19.02,2026-08-28,https://opendata.transport.nsw.gov.au/data/dataset/5cc1f27a-984e-4d17-a158-c0a91fe5af5f/resource/be8727ce-4127-475e-9d27-b98fe7ddf5fc/download/bus_routes.csv
790,WSA Aerotropolis - Penrith Interchange,Regular,Busways R1,GSBC001,GSBC Contract 1,Inbound; Outbound,2,24.29,24.96,24.62,2026-08-28,https://opendata.transport.nsw.gov.au/data/dataset/5cc1f27a-984e-4d17-a158-c0a91fe5af5f/resource/be8727ce-4127-475e-9d27-b98fe7ddf5fc/download/bus_routes.csv
791,Penrith to Penrith via South Penrith,Regular,Busways R1,GSBC001,GSBC Contract 1,Inbound,12,8.54,16.42,14.48,2026-08-28,https://opendata.transport.nsw.gov.au/data/dataset/5cc1f27a-984e-4d17-a158-c0a91fe5af5f/resource/be8727ce-4127-475e-9d27-b98fe7ddf5fc/download/bus_routes.csv
793,Penrith to Penrith via Jamisontown,Regular,Busways R1,GSBC001,GSBC Contract 1,Inbound,3,11.31,11.31,11.31,2026-08-28,https://opendata.transport.nsw.gov.au/data/dataset/5cc1f27a-984e-4d17-a158-c0a91fe5af5f/resource/be8727ce-4127-475e-9d27-b98fe7ddf5fc/download/bus_routes.csv
794,Penrith to Glenmore Park via Darug St,Regular,Busways R1,GSBC001,GSBC Contract 1,Inbound; Outbound,4,14.21,15.3,14.76,2026-08-28,https://opendata.transport.nsw.gov.au/data/dataset/5cc1f27a-984e-4d17-a158-c0a91fe5af5f/resource/be8727ce-4127-475e-9d27-b98fe7ddf5fc/download/bus_routes.csv
795,Warragamba to Penrith,Regular,Busways R1,GSBC001,GSBC Contract 1,Inbound,16,11.3,42.74,29.46,2026-08-28,https://opendata.transport.nsw.gov.au/data/dataset/5cc1f27a-984e-4d17-a158-c0a91fe5af5f/resource/be8727ce-4127-475e-9d27-b98fe7ddf5fc/download/bus_routes.csv
797,Penrith to Glenmore Park Loop,Regular,Busways R1,GSBC001,GSBC Contract 1,Inbound,12,14.46,22.83,20.13,2026-08-28,https://opendata.transport.nsw.gov.au/data/dataset/5cc1f27a-984e-4d17-a158-c0a91fe5af5f/resource/be8727ce-4127-475e-9d27-b98fe7ddf5fc/download/bus_routes.csv
799,Penrith to Blue Hills via Glenmore Park,Regular,Busways R1,GSBC001,GSBC Contract 1,Inbound; Outbound,11,9.09,13.6,12.27,2026-08-28,https://opendata.transport.nsw.gov.au/data/dataset/5cc1f27a-984e-4d17-a158-c0a91fe5af5f/resource/be8727ce-4127-475e-9d27-b98fe7ddf5fc/download/bus_routes.csv
800,Blacktown to Fairfield via Pemulwuy,Regular,Transit Systems NSW,GSBC003,GSBC Contract 3,Inbound; Outbound,7,7,24.43,16.37,2026-08-28,https://opendata.transport.nsw.gov.au/data/dataset/5cc1f27a-984e-4d17-a158-c0a91fe5af5f/resource/be8727ce-4127-475e-9d27-b98fe7ddf5fc/download/bus_routes.csv
801,Badgerys Creek to Liverpool,Regular,Transit Systems NSW,GSBC003,GSBC Contract 3,Inbound; Outbound,6,23.54,40.43,32.52,2026-08-28,https://opendata.transport.nsw.gov.au/data/dataset/5cc1f27a-984e-4d17-a158-c0a91fe5af5f/resource/be8727ce-4127-475e-9d27-b98fe7ddf5fc/download/bus_routes.csv
802,Liverpool to Parramatta via Guildford West,Regular,Transit Systems NSW,GSBC003,GSBC Contract 3,Inbound; Outbound,27,5.81,34.19,18.41,2026-08-28,https://opendata.transport.nsw.gov.au/data/dataset/5cc1f27a-984e-4d17-a158-c0a91fe5af5f/resource/be8727ce-4127-475e-9d27-b98fe7ddf5fc/download/bus_routes.csv
803,Liverpool to Miller (Loop Service),Regular,Transit Systems NSW,GSBC003,GSBC Contract 3,Loop,2,8.89,15.01,11.95,2026-08-28,https://opendata.transport.nsw.gov.au/data/dataset/5cc1f27a-984e-4d17-a158-c0a91fe5af5f/resource/be8727ce-4127-475e-9d27-b98fe7ddf5fc/download/bus_routes.csv
804,Liverpool to Parramatta via Fairfield West,Regular,Transit Systems NSW,GSBC003,GSBC Contract 3,Inbound; Outbound,22,9.54,38.62,25.12,2026-08-28,https://opendata.transport.nsw.gov.au/data/dataset/5cc1f27a-984e-4d17-a158-c0a91fe5af5f/resource/be8727ce-4127-475e-9d27-b98fe7ddf5fc/download/bus_routes.csv
805,Liverpool to Cabramatta via Bonnyrigg,Regular,Transit Systems NSW,GSBC003,GSBC Contract 3,Inbound; Outbound,14,8.44,24.14,15.08,2026-08-28,https://opendata.transport.nsw.gov.au/data/dataset/5cc1f27a-984e-4d17-a158-c0a91fe5af5f/resource/be8727ce-4127-475e-9d27-b98fe7ddf5fc/download/bus_routes.csv
806,Liverpool to Parramatta via Abbotsbury,Regular,Transit Systems NSW,GSBC003,GSBC Contract 3,Inbound; Outbound,15,7.86,36.4,17.67,2026-08-28,https://opendata.transport.nsw.gov.au/data/dataset/5cc1f27a-984e-4d17-a158-c0a91fe5af5f/resource/be8727ce-4127-475e-9d27-b98fe7ddf5fc/download/bus_routes.csv
807,Cecil Hills to Cabramatta via Bonnyrigg,Regular,Transit Systems NSW,GSBC003,GSBC Contract 3,Inbound; Outbound,9,1.87,17.55,14.57,2026-08-28,https://opendata.transport.nsw.gov.au/data/dataset/5cc1f27a-984e-4d17-a158-c0a91fe5af5f/resource/be8727ce-4127-475e-9d27-b98fe7ddf5fc/download/bus_routes.csv
808,Liverpool to Fairfield via Abbotsbury,Regular,Transit Systems NSW,GSBC003,GSBC Contract 3,Inbound; Outbound,12,8.43,28.44,20.59,2026-08-28,https://opendata.transport.nsw.gov.au/data/dataset/5cc1f27a-984e-4d17-a158-c0a91fe5af5f/resource/be8727ce-4127-475e-9d27-b98fe7ddf5fc/download/bus_routes.csv
809,Pemulwuy to Merrylands via South Wentworthville,Regular,Transit Systems NSW,GSBC003,GSBC Contract 3,Inbound; Outbound,5,12.28,13.41,12.88,2026-08-28,https://opendata.transport.nsw.gov.au/data/dataset/5cc1f27a-984e-4d17-a158-c0a91fe5af5f/resource/be8727ce-4127-475e-9d27-b98fe7ddf5fc/download/bus_routes.csv
810,Merrylands to Parramatta via Pemulwuy,Regular,Transit Systems NSW,GSBC003,GSBC Contract 3,Inbound; Outbound,13,7.2,22.7,15.04,2026-08-28,https://opendata.transport.nsw.gov.au/data/dataset/5cc1f27a-984e-4d17-a158-c0a91fe5af5f/resource/be8727ce-4127-475e-9d27-b98fe7ddf5fc/download/bus_routes.csv
811,Pemulwuy to Parramatta via Beresford Rd,Regular,Transit Systems NSW,GSBC003,GSBC Contract 3,Inbound; Outbound,4,8.08,11.49,9.07,2026-08-28,https://opendata.transport.nsw.gov.au/data/dataset/5cc1f27a-984e-4d17-a158-c0a91fe5af5f/resource/be8727ce-4127-475e-9d27-b98fe7ddf5fc/download/bus_routes.csv
812,Blacktown to Fairfield via Prospect Hwy,Regular,Transit Systems NSW,GSBC003,GSBC Contract 3,Inbound; Outbound,4,5.35,20.1,14.33,2026-08-28,https://opendata.transport.nsw.gov.au/data/dataset/5cc1f27a-984e-4d17-a158-c0a91fe5af5f/resource/be8727ce-4127-475e-9d27-b98fe7ddf5fc/download/bus_routes.csv
813,Bonnyrigg & Western Sydney Parklands to Fairfield,Regular,Transit Systems NSW,GSBC003,GSBC Contract 3,Inbound; Outbound,9,10.96,39.33,22.03,2026-08-28,https://opendata.transport.nsw.gov.au/data/dataset/5cc1f27a-984e-4d17-a158-c0a91fe5af5f/resource/be8727ce-4127-475e-9d27-b98fe7ddf5fc/download/bus_routes.csv
814,Fairfield to Smithfield and Wetherill Park Industr,Regular,Transit Systems NSW,GSBC003,GSBC Contract 3,Loop,3,5.07,22.05,12.73,2026-08-28,https://opendata.transport.nsw.gov.au/data/dataset/5cc1f27a-984e-4d17-a158-c0a91fe5af5f/resource/be8727ce-4127-475e-9d27-b98fe7ddf5fc/download/bus_routes.csv
815,Cabramatta to Mount Pritchard (Loop Service),Regular,Transit Systems NSW,GSBC003,GSBC Contract 3,Loop,4,4.48,10.39,7.61,2026-08-28,https://opendata.transport.nsw.gov.au/data/dataset/5cc1f27a-984e-4d17-a158-c0a91fe5af5f/resource/be8727ce-4127-475e-9d27-b98fe7ddf5fc/download/bus_routes.csv
816,Cabramatta to Greenfield Park (Loop Service),Regular,Transit Systems NSW,GSBC003,GSBC Contract 3,Loop,10,7.33,23.94,15.56,2026-08-28,https://opendata.transport.nsw.gov.au/data/dataset/5cc1f27a-984e-4d17-a158-c0a91fe5af5f/resource/be8727ce-4127-475e-9d27-b98fe7ddf5fc/download/bus_routes.csv
817,Cabramatta to Fairfield via Edensor Park,Regular,Transit Systems NSW,GSBC003,GSBC Contract 3,Inbound; Outbound,10,7.92,24.42,17.44,2026-08-28,https://opendata.transport.nsw.gov.au/data/dataset/5cc1f27a-984e-4d17-a158-c0a91fe5af5f/resource/be8727ce-4127-475e-9d27-b98fe7ddf5fc/download/bus_routes.csv
818,Westmead Hospitals to Merrylands,Regular,Transit Systems NSW,GSBC003,GSBC Contract 3,Inbound; Outbound,3,6.24,11.25,9.57,2026-08-28,https://opendata.transport.nsw.gov.au/data/dataset/5cc1f27a-984e-4d17-a158-c0a91fe5af5f/resource/be8727ce-4127-475e-9d27-b98fe7ddf5fc/download/bus_routes.csv
819,Liverpool to Prairiewood via Orange Grove Rd (Loop,Regular,Transit Systems NSW,GSBC003,GSBC Contract 3,Loop,5,5.65,22.79,11.42,2026-08-28,https://opendata.transport.nsw.gov.au/data/dataset/5cc1f27a-984e-4d17-a158-c0a91fe5af5f/resource/be8727ce-4127-475e-9d27-b98fe7ddf5fc/download/bus_routes.csv
820,Guildford to Merrylands via Woodpark,Regular,Transit Systems NSW,GSBC003,GSBC Contract 3,Inbound; Outbound,8,4.13,10.5,8.43,2026-08-28,https://opendata.transport.nsw.gov.au/data/dataset/5cc1f27a-984e-4d17-a158-c0a91fe5af5f/resource/be8727ce-4127-475e-9d27-b98fe7ddf5fc/download/bus_routes.csv
821,Smithfield Industrial Are or Woodpark to Fairfield,Regular,Transit Systems NSW,GSBC003,GSBC Contract 3,Inbound; Outbound,8,2.29,9.68,4.33,2026-08-28,https://opendata.transport.nsw.gov.au/data/dataset/5cc1f27a-984e-4d17-a158-c0a91fe5af5f/resource/be8727ce-4127-475e-9d27-b98fe7ddf5fc/download/bus_routes.csv
822,Merrylands to Guildford (Loop Service),Regular,Transit Systems NSW,GSBC003,GSBC Contract 3,Loop,1,11.42,11.42,11.42,2026-08-28,https://opendata.transport.nsw.gov.au/data/dataset/5cc1f27a-984e-4d17-a158-c0a91fe5af5f/resource/be8727ce-4127-475e-9d27-b98fe7ddf5fc/download/bus_routes.csv
823,Liverpool to Warwick Farm (Loop Service),Regular,Transit Systems NSW,GSBC003,GSBC Contract 3,Loop,6,3.78,7.67,5.84,2026-08-28,https://opendata.transport.nsw.gov.au/data/dataset/5cc1f27a-984e-4d17-a158-c0a91fe5af5f/resource/be8727ce-4127-475e-9d27-b98fe7ddf5fc/download/bus_routes.csv
824,Westmead Hospitals to Parramatta via Sth Wentworth,Regular,Transit Systems NSW,GSBC003,GSBC Contract 3,Inbound; Outbound,4,5.3,9.64,7.46,2026-08-28,https://opendata.transport.nsw.gov.au/data/dataset/5cc1f27a-984e-4d17-a158-c0a91fe5af5f/resource/be8727ce-4127-475e-9d27-b98fe7ddf5fc/download/bus_routes.csv
825,Liverpool to Western Sydney Airport,Regular,Transit Systems NSW SW,GSBC002,GSBC Contract 2,Inbound; Outbound,2,27.97,28.31,28.14,2026-08-28,https://opendata.transport.nsw.gov.au/data/dataset/5cc1f27a-984e-4d17-a158-c0a91fe5af5f/resource/be8727ce-4127-475e-9d27-b98fe7ddf5fc/download/bus_routes.csv
827,Carnes Hill to Liverpool,Regular,Transit Systems NSW,GSBC003,GSBC Contract 3,Inbound; Outbound,7,13.94,17.56,15.84,2026-08-28,https://opendata.transport.nsw.gov.au/data/dataset/5cc1f27a-984e-4d17-a158-c0a91fe5af5f/resource/be8727ce-4127-475e-9d27-b98fe7ddf5fc/download/bus_routes.csv
835,St Marys to Prairewood,Regular,Transit Systems NSW,GSBC003,GSBC Contract 3,Inbound; Outbound,8,26.09,37.62,30.49,2026-08-28,https://opendata.transport.nsw.gov.au/data/dataset/5cc1f27a-984e-4d17-a158-c0a91fe5af5f/resource/be8727ce-4127-475e-9d27-b98fe7ddf5fc/download/bus_routes.csv
840,Campbelltown Hospital to Leppington via Oran Park,Regular,Transit Systems NSW SW,GSBC002,GSBC Contract 2,Inbound; Outbound,2,29.8,29.92,29.86,2026-08-28,https://opendata.transport.nsw.gov.au/data/dataset/5cc1f27a-984e-4d17-a158-c0a91fe5af5f/resource/be8727ce-4127-475e-9d27-b98fe7ddf5fc/download/bus_routes.csv
841,Leppington to Narellan via Gregory Hills,Regular,Transit Systems NSW SW,GSBC002,GSBC Contract 2,Inbound; Outbound,11,17.26,23.27,20.59,2026-08-28,https://opendata.transport.nsw.gov.au/data/dataset/5cc1f27a-984e-4d17-a158-c0a91fe5af5f/resource/be8727ce-4127-475e-9d27-b98fe7ddf5fc/download/bus_routes.csv
845,Campbelltown to Western Sydney Airport,Regular,Transit Systems NSW SW,GSBC002,GSBC Contract 2,Inbound; Outbound,2,33.18,34.1,33.64,2026-08-28,https://opendata.transport.nsw.gov.au/data/dataset/5cc1f27a-984e-4d17-a158-c0a91fe5af5f/resource/be8727ce-4127-475e-9d27-b98fe7ddf5fc/download/bus_routes.csv
849,Macarthur Heights to Macarthur (loop service),Regular,Transit Systems NSW SW,GSBC002,GSBC Contract 2,Inbound,1,8.12,8.12,8.12,2026-08-28,https://opendata.transport.nsw.gov.au/data/dataset/5cc1f27a-984e-4d17-a158-c0a91fe5af5f/resource/be8727ce-4127-475e-9d27-b98fe7ddf5fc/download/bus_routes.csv
850,Minto to Narellan Town Centre,Regular,Transit Systems NSW SW,GSBC002,GSBC Contract 2,Inbound; Outbound,16,17.43,33.51,27.21,2026-08-28,https://opendata.transport.nsw.gov.au/data/dataset/5cc1f27a-984e-4d17-a158-c0a91fe5af5f/resource/be8727ce-4127-475e-9d27-b98fe7ddf5fc/download/bus_routes.csv
851,Liverpool to Carnes Hill Marketplace via Cowpastur,Regular,Transit Systems NSW SW,GSBC002,GSBC Contract 2,Inbound; Outbound,13,9.98,18.27,15.02,2026-08-28,https://opendata.transport.nsw.gov.au/data/dataset/5cc1f27a-984e-4d17-a158-c0a91fe5af5f/resource/be8727ce-4127-475e-9d27-b98fe7ddf5fc/download/bus_routes.csv
852,Liverpool to Carnes Hill Marketplace via Greenway,Regular,Transit Systems NSW SW,GSBC002,GSBC Contract 2,Inbound; Outbound,14,14.27,40.33,18.67,2026-08-28,https://opendata.transport.nsw.gov.au/data/dataset/5cc1f27a-984e-4d17-a158-c0a91fe5af5f/resource/be8727ce-4127-475e-9d27-b98fe7ddf5fc/download/bus_routes.csv
853,Liverpool to Carnes Hill via Hoxton Park Rd,Regular,Transit Systems NSW SW,GSBC002,GSBC Contract 2,Inbound; Outbound,20,8.53,22.08,12.88,2026-08-28,https://opendata.transport.nsw.gov.au/data/dataset/5cc1f27a-984e-4d17-a158-c0a91fe5af5f/resource/be8727ce-4127-475e-9d27-b98fe7ddf5fc/download/bus_routes.csv
854,Liverpool to Carnes Hill via Greenway Dr and Hoxto,Regular,Transit Systems NSW SW,GSBC002,GSBC Contract 2,Inbound; Outbound,18,9.36,17.16,12.4,2026-08-28,https://opendata.transport.nsw.gov.au/data/dataset/5cc1f27a-984e-4d17-a158-c0a91fe5af5f/resource/be8727ce-4127-475e-9d27-b98fe7ddf5fc/download/bus_routes.csv
855,Liverpool to Rutleigh Park via Austral and Lepping,Regular,Transit Systems NSW SW,GSBC002,GSBC Contract 2,Inbound; Outbound,20,2.51,39.08,26.14,2026-08-28,https://opendata.transport.nsw.gov.au/data/dataset/5cc1f27a-984e-4d17-a158-c0a91fe5af5f/resource/be8727ce-4127-475e-9d27-b98fe7ddf5fc/download/bus_routes.csv
856,Liverpool to Bringelly,Regular,Transit Systems NSW SW,GSBC002,GSBC Contract 2,Inbound; Outbound,16,4.23,34.7,26.73,2026-08-28,https://opendata.transport.nsw.gov.au/data/dataset/5cc1f27a-984e-4d17-a158-c0a91fe5af5f/resource/be8727ce-4127-475e-9d27-b98fe7ddf5fc/download/bus_routes.csv
857,Liverpool to Narellan,Regular,Transit Systems NSW SW,GSBC002,GSBC Contract 2,Inbound; Outbound,28,9,50.47,21.81,2026-08-28,https://opendata.transport.nsw.gov.au/data/dataset/5cc1f27a-984e-4d17-a158-c0a91fe5af5f/resource/be8727ce-4127-475e-9d27-b98fe7ddf5fc/download/bus_routes.csv
859,Edmondson Park Station to Carnes Hill,Regular,Transit Systems NSW SW,GSBC002,GSBC Contract 2,Inbound; Outbound,5,5.07,9.73,8.38,2026-08-28,https://opendata.transport.nsw.gov.au/data/dataset/5cc1f27a-984e-4d17-a158-c0a91fe5af5f/resource/be8727ce-4127-475e-9d27-b98fe7ddf5fc/download/bus_routes.csv
860,Liverpool to Western Sydney Airport,Regular,Transit Systems NSW SW,GSBC002,GSBC Contract 2,Inbound; Outbound,2,31.01,31.48,31.25,2026-08-28,https://opendata.transport.nsw.gov.au/data/dataset/5cc1f27a-984e-4d17-a158-c0a91fe5af5f/resource/be8727ce-4127-475e-9d27-b98fe7ddf5fc/download/bus_routes.csv
861,Carnes Hill to Denham Court via Austral,Regular,Transit Systems NSW SW,GSBC002,GSBC Contract 2,Inbound; Outbound,6,20.77,22,21.01,2026-08-28,https://opendata.transport.nsw.gov.au/data/dataset/5cc1f27a-984e-4d17-a158-c0a91fe5af5f/resource/be8727ce-4127-475e-9d27-b98fe7ddf5fc/download/bus_routes.csv
864,Glenfield to Carnes Hill via Horningsea Park,Regular,Transit Systems NSW SW,GSBC002,GSBC Contract 2,Inbound; Outbound,2,11.34,11.42,11.38,2026-08-28,https://opendata.transport.nsw.gov.au/data/dataset/5cc1f27a-984e-4d17-a158-c0a91fe5af5f/resource/be8727ce-4127-475e-9d27-b98fe7ddf5fc/download/bus_routes.csv
865,Liverpool to Casula Mall via Lurnea Shops,Regular,Transit Systems NSW SW,GSBC002,GSBC Contract 2,Inbound; Outbound,11,5.85,9.83,8.35,2026-08-28,https://opendata.transport.nsw.gov.au/data/dataset/5cc1f27a-984e-4d17-a158-c0a91fe5af5f/resource/be8727ce-4127-475e-9d27-b98fe7ddf5fc/download/bus_routes.csv
866,Liverpool to Casula,Regular,Transit Systems NSW SW,GSBC002,GSBC Contract 2,Inbound; Outbound,11,4.93,11.25,8.54,2026-08-28,https://opendata.transport.nsw.gov.au/data/dataset/5cc1f27a-984e-4d17-a158-c0a91fe5af5f/resource/be8727ce-4127-475e-9d27-b98fe7ddf5fc/download/bus_routes.csv
867,Glenfield to Prestons,Regular,Transit Systems NSW SW,GSBC002,GSBC Contract 2,Inbound; Outbound,3,9.47,14.28,11.08,2026-08-28,https://opendata.transport.nsw.gov.au/data/dataset/5cc1f27a-984e-4d17-a158-c0a91fe5af5f/resource/be8727ce-4127-475e-9d27-b98fe7ddf5fc/download/bus_routes.csv
868,Ingleburn to Edmondson Park Station,Regular,Transit Systems NSW SW,GSBC002,GSBC Contract 2,Inbound; Outbound,5,8.29,12.51,10.38,2026-08-28,https://opendata.transport.nsw.gov.au/data/dataset/5cc1f27a-984e-4d17-a158-c0a91fe5af5f/resource/be8727ce-4127-475e-9d27-b98fe7ddf5fc/download/bus_routes.csv
869,Liverpool to Ingleburn via Prestons and Edmondson,Regular,Transit Systems NSW SW,GSBC002,GSBC Contract 2,Inbound; Outbound,17,3.21,23.74,14.8,2026-08-28,https://opendata.transport.nsw.gov.au/data/dataset/5cc1f27a-984e-4d17-a158-c0a91fe5af5f/resource/be8727ce-4127-475e-9d27-b98fe7ddf5fc/download/bus_routes.csv
870,Liverpool to Campbelltown via Glenfield,Regular,Transit Systems NSW SW,GSBC002,GSBC Contract 2,Inbound; Outbound,31,10.44,38.72,28.51,2026-08-28,https://opendata.transport.nsw.gov.au/data/dataset/5cc1f27a-984e-4d17-a158-c0a91fe5af5f/resource/be8727ce-4127-475e-9d27-b98fe7ddf5fc/download/bus_routes.csv
871,Liverpool to Campbelltown,Regular,Transit Systems NSW SW,GSBC002,GSBC Contract 2,Inbound; Outbound,8,5.93,35.87,20.26,2026-08-28,https://opendata.transport.nsw.gov.au/data/dataset/5cc1f27a-984e-4d17-a158-c0a91fe5af5f/resource/be8727ce-4127-475e-9d27-b98fe7ddf5fc/download/bus_routes.csv
872,Liverpool to Campbelltown via Macquarie Fields,Regular,Transit Systems NSW SW,GSBC002,GSBC Contract 2,Inbound; Outbound,14,10.27,40.69,27.93,2026-08-28,https://opendata.transport.nsw.gov.au/data/dataset/5cc1f27a-984e-4d17-a158-c0a91fe5af5f/resource/be8727ce-4127-475e-9d27-b98fe7ddf5fc/download/bus_routes.csv
873,Ingleburn to Minto,Regular,Transit Systems NSW SW,GSBC002,GSBC Contract 2,Inbound; Outbound,9,4.2,12.48,9.1,2026-08-28,https://opendata.transport.nsw.gov.au/data/dataset/5cc1f27a-984e-4d17-a158-c0a91fe5af5f/resource/be8727ce-4127-475e-9d27-b98fe7ddf5fc/download/bus_routes.csv
874,Minto to Raby (Loop Service),Regular,Transit Systems NSW SW,GSBC002,GSBC Contract 2,Inbound,9,7.27,15.67,11.99,2026-08-28,https://opendata.transport.nsw.gov.au/data/dataset/5cc1f27a-984e-4d17-a158-c0a91fe5af5f/resource/be8727ce-4127-475e-9d27-b98fe7ddf5fc/download/bus_routes.csv
875,Minto to St Andrews (Loop Service),Regular,Transit Systems NSW SW,GSBC002,GSBC Contract 2,Inbound,10,7.97,16.67,11.59,2026-08-28,https://opendata.transport.nsw.gov.au/data/dataset/5cc1f27a-984e-4d17-a158-c0a91fe5af5f/resource/be8727ce-4127-475e-9d27-b98fe7ddf5fc/download/bus_routes.csv
876,Macquarie Fields Station to Eucalyptus Dr (Loops S,Regular,Transit Systems NSW SW,GSBC002,GSBC Contract 2,Inbound,7,6.26,14.07,8.76,2026-08-28,https://opendata.transport.nsw.gov.au/data/dataset/5cc1f27a-984e-4d17-a158-c0a91fe5af5f/resource/be8727ce-4127-475e-9d27-b98fe7ddf5fc/download/bus_routes.csv
877,Campbelltown to Kearns via Eagle Vale and Eschol P,Regular,Transit Systems NSW SW,GSBC002,GSBC Contract 2,Inbound,2,18.5,24.11,21.3,2026-08-28,https://opendata.transport.nsw.gov.au/data/dataset/5cc1f27a-984e-4d17-a158-c0a91fe5af5f/resource/be8727ce-4127-475e-9d27-b98fe7ddf5fc/download/bus_routes.csv
878,Campbelltown to Kearns via Eschol Park,Regular,Transit Systems NSW SW,GSBC002,GSBC Contract 2,Inbound,4,10.94,24.96,20.19,2026-08-28,https://opendata.transport.nsw.gov.au/data/dataset/5cc1f27a-984e-4d17-a158-c0a91fe5af5f/resource/be8727ce-4127-475e-9d27-b98fe7ddf5fc/download/bus_routes.csv
879,Campelltown to Leumeah Station via Blair Athol,Regular,Transit Systems NSW SW,GSBC002,GSBC Contract 2,Inbound; Outbound,4,8.92,11.29,10.14,2026-08-28,https://opendata.transport.nsw.gov.au/data/dataset/5cc1f27a-984e-4d17-a158-c0a91fe5af5f/resource/be8727ce-4127-475e-9d27-b98fe7ddf5fc/download/bus_routes.csv
880,Campbelltown to Minto via Eagle Vale and Kearns,Regular,Transit Systems NSW SW,GSBC002,GSBC Contract 2,Inbound; Outbound,20,7.62,23.83,16.91,2026-08-28,https://opendata.transport.nsw.gov.au/data/dataset/5cc1f27a-984e-4d17-a158-c0a91fe5af5f/resource/be8727ce-4127-475e-9d27-b98fe7ddf5fc/download/bus_routes.csv
881,Campbelltown to Leumeah North (Loop Service),Regular,Transit Systems NSW SW,GSBC002,GSBC Contract 2,Inbound,5,7.93,18.22,11.5,2026-08-28,https://opendata.transport.nsw.gov.au/data/dataset/5cc1f27a-984e-4d17-a158-c0a91fe5af5f/resource/be8727ce-4127-475e-9d27-b98fe7ddf5fc/download/bus_routes.csv
882,Campbelltown to Leumeah South (Loop Service),Regular,Transit Systems NSW SW,GSBC002,GSBC Contract 2,Inbound,7,5.55,8.81,7.04,2026-08-28,https://opendata.transport.nsw.gov.au/data/dataset/5cc1f27a-984e-4d17-a158-c0a91fe5af5f/resource/be8727ce-4127-475e-9d27-b98fe7ddf5fc/download/bus_routes.csv
883,Campbelltown to Ruse (Loop Service),Regular,Transit Systems NSW SW,GSBC002,GSBC Contract 2,Inbound,12,7.62,16.83,11.59,2026-08-28,https://opendata.transport.nsw.gov.au/data/dataset/5cc1f27a-984e-4d17-a158-c0a91fe5af5f/resource/be8727ce-4127-475e-9d27-b98fe7ddf5fc/download/bus_routes.csv
883K,Campbelltown to Kentlyn via Ruse,Regular,Transit Systems NSW SW,GSBC002,GSBC Contract 2,Inbound; Outbound,14,6.3,16.14,11.79,2026-08-28,https://opendata.transport.nsw.gov.au/data/dataset/5cc1f27a-984e-4d17-a158-c0a91fe5af5f/resource/be8727ce-4127-475e-9d27-b98fe7ddf5fc/download/bus_routes.csv
884,Campbelltown to Airds (Loop Service),Regular,Transit Systems NSW SW,GSBC002,GSBC Contract 2,Inbound,6,8.79,17.74,12.22,2026-08-28,https://opendata.transport.nsw.gov.au/data/dataset/5cc1f27a-984e-4d17-a158-c0a91fe5af5f/resource/be8727ce-4127-475e-9d27-b98fe7ddf5fc/download/bus_routes.csv
884W,Campbelltown to Wedderburn via Airds,Regular,Transit Systems NSW SW,GSBC002,GSBC Contract 2,Inbound; Outbound,6,15.7,24.14,18.81,2026-08-28,https://opendata.transport.nsw.gov.au/data/dataset/5cc1f27a-984e-4d17-a158-c0a91fe5af5f/resource/be8727ce-4127-475e-9d27-b98fe7ddf5fc/download/bus_routes.csv
885,Campbelltown to Bradbury St and Helens Park North,Regular,Transit Systems NSW SW,GSBC002,GSBC Contract 2,Inbound,7,8.29,13.92,11.77,2026-08-28,https://opendata.transport.nsw.gov.au/data/dataset/5cc1f27a-984e-4d17-a158-c0a91fe5af5f/resource/be8727ce-4127-475e-9d27-b98fe7ddf5fc/download/bus_routes.csv
885A,Campbelltown to Bradbury via Airds (Loop Service),Regular,Transit Systems NSW SW,GSBC002,GSBC Contract 2,Inbound,1,19.37,19.37,19.37,2026-08-28,https://opendata.transport.nsw.gov.au/data/dataset/5cc1f27a-984e-4d17-a158-c0a91fe5af5f/resource/be8727ce-4127-475e-9d27-b98fe7ddf5fc/download/bus_routes.csv
886,Campbelltown to Glen Alpine (Loop Service),Regular,Transit Systems NSW SW,GSBC002,GSBC Contract 2,Inbound,9,9.77,18.36,14.3,2026-08-28,https://opendata.transport.nsw.gov.au/data/dataset/5cc1f27a-984e-4d17-a158-c0a91fe5af5f/resource/be8727ce-4127-475e-9d27-b98fe7ddf5fc/download/bus_routes.csv
887,Campbelltown to Wollongong via Appin,Regular,Transit Systems NSW SW,GSBC002,GSBC Contract 2,Inbound; Outbound,20,17.01,58.32,41.69,2026-08-28,https://opendata.transport.nsw.gov.au/data/dataset/5cc1f27a-984e-4d17-a158-c0a91fe5af5f/resource/be8727ce-4127-475e-9d27-b98fe7ddf5fc/download/bus_routes.csv
888,Campbelltown to St Helens Park via Ambarvale and R,Regular,Transit Systems NSW SW,GSBC002,GSBC Contract 2,Inbound,19,8.47,23.05,16.42,2026-08-28,https://opendata.transport.nsw.gov.au/data/dataset/5cc1f27a-984e-4d17-a158-c0a91fe5af5f/resource/be8727ce-4127-475e-9d27-b98fe7ddf5fc/download/bus_routes.csv
889,Macarthur to Menangle via Menangle Park (Loop),Regular,Transit Systems NSW SW,GSBC002,GSBC Contract 2,Inbound,3,35.02,35.75,35.33,2026-08-28,https://opendata.transport.nsw.gov.au/data/dataset/5cc1f27a-984e-4d17-a158-c0a91fe5af5f/resource/be8727ce-4127-475e-9d27-b98fe7ddf5fc/download/bus_routes.csv
890,Campbelltown to Harrington Park via Narellan Vale,Regular,Transit Systems NSW SW,GSBC002,GSBC Contract 2,Inbound,13,11.63,42.05,27.34,2026-08-28,https://opendata.transport.nsw.gov.au/data/dataset/5cc1f27a-984e-4d17-a158-c0a91fe5af5f/resource/be8727ce-4127-475e-9d27-b98fe7ddf5fc/download/bus_routes.csv
890C,Campbelltown to Camden via Narellan,Regular,Transit Systems NSW SW,GSBC002,GSBC Contract 2,Inbound; Outbound,10,17.97,23,20.01,2026-08-28,https://opendata.transport.nsw.gov.au/data/dataset/5cc1f27a-984e-4d17-a158-c0a91fe5af5f/resource/be8727ce-4127-475e-9d27-b98fe7ddf5fc/download/bus_routes.csv
891,Campbelltown to Mount Annan via Currans Hill,Regular,Transit Systems NSW SW,GSBC002,GSBC Contract 2,Inbound; Outbound,11,11.57,18.97,14.62,2026-08-28,https://opendata.transport.nsw.gov.au/data/dataset/5cc1f27a-984e-4d17-a158-c0a91fe5af5f/resource/be8727ce-4127-475e-9d27-b98fe7ddf5fc/download/bus_routes.csv
892,Campbelltown to Mount Annan via Narellan Vale (Loo,Regular,Transit Systems NSW SW,GSBC002,GSBC Contract 2,Inbound,8,15.45,25.55,21.1,2026-08-28,https://opendata.transport.nsw.gov.au/data/dataset/5cc1f27a-984e-4d17-a158-c0a91fe5af5f/resource/be8727ce-4127-475e-9d27-b98fe7ddf5fc/download/bus_routes.csv
893,Campbelltown to Narellan via Spring Farm and Elder,Regular,Transit Systems NSW SW,GSBC002,GSBC Contract 2,Inbound; Outbound,15,11.29,23.08,19.11,2026-08-28,https://opendata.transport.nsw.gov.au/data/dataset/5cc1f27a-984e-4d17-a158-c0a91fe5af5f/resource/be8727ce-4127-475e-9d27-b98fe7ddf5fc/download/bus_routes.csv
894,Campbelltown to Bridgewater Estate via Narellan an,Regular,Transit Systems NSW SW,GSBC002,GSBC Contract 2,Inbound; Outbound,4,10.46,19.64,16,2026-08-28,https://opendata.transport.nsw.gov.au/data/dataset/5cc1f27a-984e-4d17-a158-c0a91fe5af5f/resource/be8727ce-4127-475e-9d27-b98fe7ddf5fc/download/bus_routes.csv
894X,Campbelltown to Bridgewater Estate via Camden bypa,Regular,Transit Systems NSW SW,GSBC002,GSBC Contract 2,Inbound; Outbound,2,21.14,21.2,21.17,2026-08-28,https://opendata.transport.nsw.gov.au/data/dataset/5cc1f27a-984e-4d17-a158-c0a91fe5af5f/resource/be8727ce-4127-475e-9d27-b98fe7ddf5fc/download/bus_routes.csv
895,Campbelltown to Camden South via Camden (Loop Serv,Regular,Transit Systems NSW SW,GSBC002,GSBC Contract 2,Inbound,22,17.34,52.22,37.45,2026-08-28,https://opendata.transport.nsw.gov.au/data/dataset/5cc1f27a-984e-4d17-a158-c0a91fe5af5f/resource/be8727ce-4127-475e-9d27-b98fe7ddf5fc/download/bus_routes.csv
896,Campbelltown to Oran Park via Gregory Hills (Loop,Regular,Transit Systems NSW SW,GSBC002,GSBC Contract 2,Inbound,10,19.89,44.41,31.72,2026-08-28,https://opendata.transport.nsw.gov.au/data/dataset/5cc1f27a-984e-4d17-a158-c0a91fe5af5f/resource/be8727ce-4127-475e-9d27-b98fe7ddf5fc/download/bus_routes.csv
897,Campbelltown to Smeaton Grange,Regular,Transit Systems NSW SW,GSBC002,GSBC Contract 2,Inbound; Outbound,2,8.76,9.81,9.28,2026-08-28,https://opendata.transport.nsw.gov.au/data/dataset/5cc1f27a-984e-4d17-a158-c0a91fe5af5f/resource/be8727ce-4127-475e-9d27-b98fe7ddf5fc/download/bus_routes.csv
898,Campbelltown to Harrington Park via Narellan Rd,Regular,Transit Systems NSW SW,GSBC002,GSBC Contract 2,Inbound; Outbound,8,11.02,25.66,18.16,2026-08-28,https://opendata.transport.nsw.gov.au/data/dataset/5cc1f27a-984e-4d17-a158-c0a91fe5af5f/resource/be8727ce-4127-475e-9d27-b98fe7ddf5fc/download/bus_routes.csv
899,Camden to Catherine Field,Regular,Transit Systems NSW SW,GSBC002,GSBC Contract 2,Inbound; Outbound,5,6.41,16.78,11.65,2026-08-28,https://opendata.transport.nsw.gov.au/data/dataset/5cc1f27a-984e-4d17-a158-c0a91fe5af5f/resource/be8727ce-4127-475e-9d27-b98fe7ddf5fc/download/bus_routes.csv
901,Holsworthy to Liverpool via Wattle Grove,Regular,Transit Systems NSW,GSBC003,GSBC Contract 3,Inbound; Outbound,16,6.16,14.31,11.3,2026-08-28,https://opendata.transport.nsw.gov.au/data/dataset/5cc1f27a-984e-4d17-a158-c0a91fe5af5f/resource/be8727ce-4127-475e-9d27-b98fe7ddf5fc/download/bus_routes.csv
902,Holsworthy to Liverpool via Moorebank,Regular,Transit Systems NSW,GSBC003,GSBC Contract 3,Inbound; Outbound,10,6.68,16.14,10.9,2026-08-28,https://opendata.transport.nsw.gov.au/data/dataset/5cc1f27a-984e-4d17-a158-c0a91fe5af5f/resource/be8727ce-4127-475e-9d27-b98fe7ddf5fc/download/bus_routes.csv
903,Liverpool to Chipping Norton (Loop Service),Regular,Transit Systems NSW,GSBC003,GSBC Contract 3,Inbound,8,9.81,17.9,14.76,2026-08-28,https://opendata.transport.nsw.gov.au/data/dataset/5cc1f27a-984e-4d17-a158-c0a91fe5af5f/resource/be8727ce-4127-475e-9d27-b98fe7ddf5fc/download/bus_routes.csv
904,Fairfield to Liverpool,Regular,Transit Systems NSW,GSBC003,GSBC Contract 3,Inbound; Outbound,7,3.57,13.86,9.5,2026-08-28,https://opendata.transport.nsw.gov.au/data/dataset/5cc1f27a-984e-4d17-a158-c0a91fe5af5f/resource/be8727ce-4127-475e-9d27-b98fe7ddf5fc/download/bus_routes.csv
905,Bankstown to Fairfield,Regular,Transit Systems NSW,GSBC003,GSBC Contract 3,Inbound; Outbound,15,2.67,16.43,9.01,2026-08-28,https://opendata.transport.nsw.gov.au/data/dataset/5cc1f27a-984e-4d17-a158-c0a91fe5af5f/resource/be8727ce-4127-475e-9d27-b98fe7ddf5fc/download/bus_routes.csv
906,Fairfield to Parramatta,Regular,Transit Systems NSW,GSBC003,GSBC Contract 3,Inbound; Outbound,18,2.59,15.24,9.22,2026-08-28,https://opendata.transport.nsw.gov.au/data/dataset/5cc1f27a-984e-4d17-a158-c0a91fe5af5f/resource/be8727ce-4127-475e-9d27-b98fe7ddf5fc/download/bus_routes.csv
907,Bankstown to Parramatta via Bass Hill,Regular,Transit Systems NSW,GSBC003,GSBC Contract 3,Inbound; Outbound,13,4.65,17.53,10.74,2026-08-28,https://opendata.transport.nsw.gov.au/data/dataset/5cc1f27a-984e-4d17-a158-c0a91fe5af5f/resource/be8727ce-4127-475e-9d27-b98fe7ddf5fc/download/bus_routes.csv
908,Merrylands to Bankstown via Auburn and Birrong,Regular,Transit Systems NSW,GSBC003,GSBC Contract 3,Inbound; Outbound,25,1.85,28.14,16.9,2026-08-28,https://opendata.transport.nsw.gov.au/data/dataset/5cc1f27a-984e-4d17-a158-c0a91fe5af5f/resource/be8727ce-4127-475e-9d27-b98fe7ddf5fc/download/bus_routes.csv
909,Bankstown to Parramatta via Auburn and Birrong,Regular,Transit Systems NSW,GSBC003,GSBC Contract 3,Inbound; Outbound,10,3.7,19.55,13.01,2026-08-28,https://opendata.transport.nsw.gov.au/data/dataset/5cc1f27a-984e-4d17-a158-c0a91fe5af5f/resource/be8727ce-4127-475e-9d27-b98fe7ddf5fc/download/bus_routes.csv
910,Parramatta to Bankstown via Chester Hill,Regular,Transit Systems NSW,GSBC003,GSBC Contract 3,Inbound; Outbound,9,3.28,19.22,12.96,2026-08-28,https://opendata.transport.nsw.gov.au/data/dataset/5cc1f27a-984e-4d17-a158-c0a91fe5af5f/resource/be8727ce-4127-475e-9d27-b98fe7ddf5fc/download/bus_routes.csv
911,Auburn to Bankstown via Georges Hall,Regular,Transit Systems NSW,GSBC003,GSBC Contract 3,Inbound; Outbound,15,4.22,18.28,10.22,2026-08-28,https://opendata.transport.nsw.gov.au/data/dataset/5cc1f27a-984e-4d17-a158-c0a91fe5af5f/resource/be8727ce-4127-475e-9d27-b98fe7ddf5fc/download/bus_routes.csv
912,Sandy Point to Holsworthy via Voyager Point,Regular,Transit Systems NSW,GSBC003,GSBC Contract 3,Inbound; Outbound,5,10.13,19.91,15.51,2026-08-28,https://opendata.transport.nsw.gov.au/data/dataset/5cc1f27a-984e-4d17-a158-c0a91fe5af5f/resource/be8727ce-4127-475e-9d27-b98fe7ddf5fc/download/bus_routes.csv
913,Strathfield to Bankstown,Regular,Transit Systems NSW,GSBC003,GSBC Contract 3,Inbound; Outbound,5,5.18,11.19,8.78,2026-08-28,https://opendata.transport.nsw.gov.au/data/dataset/5cc1f27a-984e-4d17-a158-c0a91fe5af5f/resource/be8727ce-4127-475e-9d27-b98fe7ddf5fc/download/bus_routes.csv
914,Greenacre to Strathfield,Regular,Transit Systems NSW,GSBC003,GSBC Contract 3,Inbound; Outbound,2,8,8.19,8.09,2026-08-28,https://opendata.transport.nsw.gov.au/data/dataset/5cc1f27a-984e-4d17-a158-c0a91fe5af5f/resource/be8727ce-4127-475e-9d27-b98fe7ddf5fc/download/bus_routes.csv
916,Chester Hill to Guildford,Regular,Transit Systems NSW,GSBC003,GSBC Contract 3,Inbound; Outbound,8,2.66,10.01,6.92,2026-08-28,https://opendata.transport.nsw.gov.au/data/dataset/5cc1f27a-984e-4d17-a158-c0a91fe5af5f/resource/be8727ce-4127-475e-9d27-b98fe7ddf5fc/download/bus_routes.csv
920,Parramatta to Bankstown,Regular,Transit Systems NSW,GSBC003,GSBC Contract 3,Inbound; Outbound,2,16.66,16.66,16.66,2026-08-28,https://opendata.transport.nsw.gov.au/data/dataset/5cc1f27a-984e-4d17-a158-c0a91fe5af5f/resource/be8727ce-4127-475e-9d27-b98fe7ddf5fc/download/bus_routes.csv
922,East Hills to Bankstown via Milperra,Regular,U-Go Mobility,GSBC010,GSBC Contract 10,Inbound; Outbound,4,6.53,12.91,10.63,2026-08-28,https://opendata.transport.nsw.gov.au/data/dataset/5cc1f27a-984e-4d17-a158-c0a91fe5af5f/resource/be8727ce-4127-475e-9d27-b98fe7ddf5fc/download/bus_routes.csv
923,Panania to Bankstown via Picnic Point,Regular,U-Go Mobility,GSBC010,GSBC Contract 10,Inbound; Outbound,7,5.69,15.56,11.63,2026-08-28,https://opendata.transport.nsw.gov.au/data/dataset/5cc1f27a-984e-4d17-a158-c0a91fe5af5f/resource/be8727ce-4127-475e-9d27-b98fe7ddf5fc/download/bus_routes.csv
924,East Hills to Bankstown via Panania,Regular,U-Go Mobility,GSBC010,GSBC Contract 10,Inbound; Outbound,6,9.74,13.77,11.63,2026-08-28,https://opendata.transport.nsw.gov.au/data/dataset/5cc1f27a-984e-4d17-a158-c0a91fe5af5f/resource/be8727ce-4127-475e-9d27-b98fe7ddf5fc/download/bus_routes.csv
925,East Hills to Lidcombe via Bankstown,Regular,Transit Systems NSW,GSBC003,GSBC Contract 3,Inbound; Outbound,20,4.97,22.1,13.98,2026-08-28,https://opendata.transport.nsw.gov.au/data/dataset/5cc1f27a-984e-4d17-a158-c0a91fe5af5f/resource/be8727ce-4127-475e-9d27-b98fe7ddf5fc/download/bus_routes.csv
926,Revesby Heights to Bankstown,Regular,U-Go Mobility,GSBC010,GSBC Contract 10,Inbound; Outbound,5,2.12,10.5,6.1,2026-08-28,https://opendata.transport.nsw.gov.au/data/dataset/5cc1f27a-984e-4d17-a158-c0a91fe5af5f/resource/be8727ce-4127-475e-9d27-b98fe7ddf5fc/download/bus_routes.csv
927,One Tree Point to Padstow,Regular,U-Go Mobility,GSBC010,GSBC Contract 10,Inbound; Outbound,8,3.38,8.51,5.99,2026-08-28,https://opendata.transport.nsw.gov.au/data/dataset/5cc1f27a-984e-4d17-a158-c0a91fe5af5f/resource/be8727ce-4127-475e-9d27-b98fe7ddf5fc/download/bus_routes.csv
928,Milperra to Revesby via Panania,Regular,Transit Systems NSW,GSBC003,GSBC Contract 3,Inbound; Outbound,4,3.72,9.91,7.28,2026-08-28,https://opendata.transport.nsw.gov.au/data/dataset/5cc1f27a-984e-4d17-a158-c0a91fe5af5f/resource/be8727ce-4127-475e-9d27-b98fe7ddf5fc/download/bus_routes.csv
938,Mount Lewis to Lakemba via Roselands,Regular,U-Go Mobility,GSBC010,GSBC Contract 10,Inbound; Outbound,2,14.84,15.05,14.94,2026-08-28,https://opendata.transport.nsw.gov.au/data/dataset/5cc1f27a-984e-4d17-a158-c0a91fe5af5f/resource/be8727ce-4127-475e-9d27-b98fe7ddf5fc/download/bus_routes.csv
939,Greenacre to Bankstown,Regular,U-Go Mobility,GSBC010,GSBC Contract 10,Inbound; Outbound,2,5.84,5.9,5.87,2026-08-28,https://opendata.transport.nsw.gov.au/data/dataset/5cc1f27a-984e-4d17-a158-c0a91fe5af5f/resource/be8727ce-4127-475e-9d27-b98fe7ddf5fc/download/bus_routes.csv
940,Bankstown to Hurstville via Riverwood,Regular,U-Go Mobility,GSBC010,GSBC Contract 10,Inbound; Outbound,6,6.07,15.11,10,2026-08-28,https://opendata.transport.nsw.gov.au/data/dataset/5cc1f27a-984e-4d17-a158-c0a91fe5af5f/resource/be8727ce-4127-475e-9d27-b98fe7ddf5fc/download/bus_routes.csv
941,Chullora to Hurstville via Punchbowl,Regular,U-Go Mobility,GSBC010,GSBC Contract 10,Inbound; Outbound,4,7.61,15.95,11.59,2026-08-28,https://opendata.transport.nsw.gov.au/data/dataset/5cc1f27a-984e-4d17-a158-c0a91fe5af5f/resource/be8727ce-4127-475e-9d27-b98fe7ddf5fc/download/bus_routes.csv
942,Riverwood to Campsie via Lakemba,Regular,U-Go Mobility,GSBC010,GSBC Contract 10,Inbound; Outbound,7,2.53,15.23,10.57,2026-08-28,https://opendata.transport.nsw.gov.au/data/dataset/5cc1f27a-984e-4d17-a158-c0a91fe5af5f/resource/be8727ce-4127-475e-9d27-b98fe7ddf5fc/download/bus_routes.csv
944,Bankstown to Roselands,Regular,U-Go Mobility,GSBC010,GSBC Contract 10,Inbound; Outbound,2,6.02,6.16,6.09,2026-08-28,https://opendata.transport.nsw.gov.au/data/dataset/5cc1f27a-984e-4d17-a158-c0a91fe5af5f/resource/be8727ce-4127-475e-9d27-b98fe7ddf5fc/download/bus_routes.csv
945,Hurstville to Bankstown via Mortdale,Regular,U-Go Mobility,GSBC010,GSBC Contract 10,Inbound; Outbound,2,13.98,14.19,14.09,2026-08-28,https://opendata.transport.nsw.gov.au/data/dataset/5cc1f27a-984e-4d17-a158-c0a91fe5af5f/resource/be8727ce-4127-475e-9d27-b98fe7ddf5fc/download/bus_routes.csv
946,Bankstown to Roselands via Greenacre & Lakemba,Regular,U-Go Mobility,GSBC010,GSBC Contract 10,Inbound; Outbound,4,7.16,12.05,9.6,2026-08-28,https://opendata.transport.nsw.gov.au/data/dataset/5cc1f27a-984e-4d17-a158-c0a91fe5af5f/resource/be8727ce-4127-475e-9d27-b98fe7ddf5fc/download/bus_routes.csv
947,Hurstville to Kogarah via Dolls Point,Regular,U-Go Mobility,GSBC010,GSBC Contract 10,Inbound; Outbound,14,5.1,13.15,9.33,2026-08-28,https://opendata.transport.nsw.gov.au/data/dataset/5cc1f27a-984e-4d17-a158-c0a91fe5af5f/resource/be8727ce-4127-475e-9d27-b98fe7ddf5fc/download/bus_routes.csv
948,Lugarno to Riverwood,Regular,U-Go Mobility,GSBC010,GSBC Contract 10,Inbound; Outbound,5,4.67,6.04,5.27,2026-08-28,https://opendata.transport.nsw.gov.au/data/dataset/5cc1f27a-984e-4d17-a158-c0a91fe5af5f/resource/be8727ce-4127-475e-9d27-b98fe7ddf5fc/download/bus_routes.csv
949,Lugarno to Hurstville,Regular,U-Go Mobility,GSBC010,GSBC Contract 10,Inbound; Outbound,5,8.51,8.9,8.76,2026-08-28,https://opendata.transport.nsw.gov.au/data/dataset/5cc1f27a-984e-4d17-a158-c0a91fe5af5f/resource/be8727ce-4127-475e-9d27-b98fe7ddf5fc/download/bus_routes.csv
950,Hurstville to Bankstown via Padstow,Regular,U-Go Mobility,GSBC010,GSBC Contract 10,Inbound; Outbound,2,14.71,15.13,14.92,2026-08-28,https://opendata.transport.nsw.gov.au/data/dataset/5cc1f27a-984e-4d17-a158-c0a91fe5af5f/resource/be8727ce-4127-475e-9d27-b98fe7ddf5fc/download/bus_routes.csv
951,Peakhurst to Roselands,Regular,U-Go Mobility,GSBC010,GSBC Contract 10,Inbound; Outbound,2,6.65,6.75,6.7,2026-08-28,https://opendata.transport.nsw.gov.au/data/dataset/5cc1f27a-984e-4d17-a158-c0a91fe5af5f/resource/be8727ce-4127-475e-9d27-b98fe7ddf5fc/download/bus_routes.csv
952,Hurstville to Roselands,Regular,U-Go Mobility,GSBC010,GSBC Contract 10,Inbound; Outbound,2,8.61,8.75,8.68,2026-08-28,https://opendata.transport.nsw.gov.au/data/dataset/5cc1f27a-984e-4d17-a158-c0a91fe5af5f/resource/be8727ce-4127-475e-9d27-b98fe7ddf5fc/download/bus_routes.csv
953,Hurstville to Connells Point (Loop Service),Regular,U-Go Mobility,GSBC010,GSBC Contract 10,Inbound,3,6.36,9.15,7.29,2026-08-28,https://opendata.transport.nsw.gov.au/data/dataset/5cc1f27a-984e-4d17-a158-c0a91fe5af5f/resource/be8727ce-4127-475e-9d27-b98fe7ddf5fc/download/bus_routes.csv
954,Hurstville to Hurstville Grove,Regular,U-Go Mobility,GSBC010,GSBC Contract 10,Inbound; Outbound,3,2.44,2.96,2.65,2026-08-28,https://opendata.transport.nsw.gov.au/data/dataset/5cc1f27a-984e-4d17-a158-c0a91fe5af5f/resource/be8727ce-4127-475e-9d27-b98fe7ddf5fc/download/bus_routes.csv
955,Hurstville to Mortdale via Oatley,Regular,U-Go Mobility,GSBC010,GSBC Contract 10,Inbound; Outbound,6,6.7,10.8,8.72,2026-08-28,https://opendata.transport.nsw.gov.au/data/dataset/5cc1f27a-984e-4d17-a158-c0a91fe5af5f/resource/be8727ce-4127-475e-9d27-b98fe7ddf5fc/download/bus_routes.csv
956,Mortdale to Peakhurst Heights (Loop Service),Regular,U-Go Mobility,GSBC010,GSBC Contract 10,Inbound,1,8.47,8.47,8.47,2026-08-28,https://opendata.transport.nsw.gov.au/data/dataset/5cc1f27a-984e-4d17-a158-c0a91fe5af5f/resource/be8727ce-4127-475e-9d27-b98fe7ddf5fc/download/bus_routes.csv
958,Hurstville to Kogarah via Carss Park,Regular,U-Go Mobility,GSBC010,GSBC Contract 10,Inbound; Outbound,19,1.68,10.01,6.68,2026-08-28,https://opendata.transport.nsw.gov.au/data/dataset/5cc1f27a-984e-4d17-a158-c0a91fe5af5f/resource/be8727ce-4127-475e-9d27-b98fe7ddf5fc/download/bus_routes.csv
959,Hurstville to Bald Face Pt (Loop Service),Regular,U-Go Mobility,GSBC010,GSBC Contract 10,Inbound,3,4.79,8.67,6.39,2026-08-28,https://opendata.transport.nsw.gov.au/data/dataset/5cc1f27a-984e-4d17-a158-c0a91fe5af5f/resource/be8727ce-4127-475e-9d27-b98fe7ddf5fc/download/bus_routes.csv
960,Sutherland to Bankstown,Regular,U-Go Mobility,GSBC010,GSBC Contract 10,Inbound; Outbound,7,3.83,21.15,13.38,2026-08-28,https://opendata.transport.nsw.gov.au/data/dataset/5cc1f27a-984e-4d17-a158-c0a91fe5af5f/resource/be8727ce-4127-475e-9d27-b98fe7ddf5fc/download/bus_routes.csv
961,Miranda to Barden Ridge,Regular,U-Go Mobility,GSBC010,GSBC Contract 10,Inbound; Outbound,19,2.83,20.45,12.03,2026-08-28,https://opendata.transport.nsw.gov.au/data/dataset/5cc1f27a-984e-4d17-a158-c0a91fe5af5f/resource/be8727ce-4127-475e-9d27-b98fe7ddf5fc/download/bus_routes.csv
962,Miranda to East Hills,Regular,U-Go Mobility,GSBC010,GSBC Contract 10,Inbound; Outbound,37,7.38,36.39,22.06,2026-08-28,https://opendata.transport.nsw.gov.au/data/dataset/5cc1f27a-984e-4d17-a158-c0a91fe5af5f/resource/be8727ce-4127-475e-9d27-b98fe7ddf5fc/download/bus_routes.csv
963,Old Illawarra Rd Roundabout to Bignell St,Regular,U-Go Mobility,GSBC010,GSBC Contract 10,Inbound,16,3.96,25.24,10.45,2026-08-28,https://opendata.transport.nsw.gov.au/data/dataset/5cc1f27a-984e-4d17-a158-c0a91fe5af5f/resource/be8727ce-4127-475e-9d27-b98fe7ddf5fc/download/bus_routes.csv
965,Sutherland to Woronora (Loop Service),Regular,U-Go Mobility,GSBC010,GSBC Contract 10,Inbound,9,4.2,28.09,12.31,2026-08-28,https://opendata.transport.nsw.gov.au/data/dataset/5cc1f27a-984e-4d17-a158-c0a91fe5af5f/resource/be8727ce-4127-475e-9d27-b98fe7ddf5fc/download/bus_routes.csv
967,Miranda to Como West via Oyster Bay,Regular,U-Go Mobility,GSBC010,GSBC Contract 10,Inbound; Outbound,24,2.05,20.93,10.8,2026-08-28,https://opendata.transport.nsw.gov.au/data/dataset/5cc1f27a-984e-4d17-a158-c0a91fe5af5f/resource/be8727ce-4127-475e-9d27-b98fe7ddf5fc/download/bus_routes.csv
968,Miranda to Bonnet Bay via Kareela,Regular,U-Go Mobility,GSBC010,GSBC Contract 10,Inbound; Outbound,20,4.24,24.76,12.17,2026-08-28,https://opendata.transport.nsw.gov.au/data/dataset/5cc1f27a-984e-4d17-a158-c0a91fe5af5f/resource/be8727ce-4127-475e-9d27-b98fe7ddf5fc/download/bus_routes.csv
969,Sutherland to Cronulla,Regular,U-Go Mobility,GSBC010,GSBC Contract 10,Inbound; Outbound,21,2.56,19,9.97,2026-08-28,https://opendata.transport.nsw.gov.au/data/dataset/5cc1f27a-984e-4d17-a158-c0a91fe5af5f/resource/be8727ce-4127-475e-9d27-b98fe7ddf5fc/download/bus_routes.csv
970,Hurstville to Miranda,Regular,U-Go Mobility,GSBC010,GSBC Contract 10,Inbound; Outbound,6,7.25,12.06,10.66,2026-08-28,https://opendata.transport.nsw.gov.au/data/dataset/5cc1f27a-984e-4d17-a158-c0a91fe5af5f/resource/be8727ce-4127-475e-9d27-b98fe7ddf5fc/download/bus_routes.csv
971,Hurstville to Cronulla,Regular,U-Go Mobility,GSBC010,GSBC Contract 10,Inbound; Outbound,24,3.04,23.4,12.97,2026-08-28,https://opendata.transport.nsw.gov.au/data/dataset/5cc1f27a-984e-4d17-a158-c0a91fe5af5f/resource/be8727ce-4127-475e-9d27-b98fe7ddf5fc/download/bus_routes.csv
972,Miranda to Sylvania via Sylvania Waters,Regular,U-Go Mobility,GSBC010,GSBC Contract 10,Inbound; Outbound,10,3.35,13.35,6.9,2026-08-28,https://opendata.transport.nsw.gov.au/data/dataset/5cc1f27a-984e-4d17-a158-c0a91fe5af5f/resource/be8727ce-4127-475e-9d27-b98fe7ddf5fc/download/bus_routes.csv
973,Miranda to Yowie Bay (Loop Service),Regular,U-Go Mobility,GSBC010,GSBC Contract 10,Inbound,5,2.57,7.15,5.29,2026-08-28,https://opendata.transport.nsw.gov.au/data/dataset/5cc1f27a-984e-4d17-a158-c0a91fe5af5f/resource/be8727ce-4127-475e-9d27-b98fe7ddf5fc/download/bus_routes.csv
974,Miranda to Gymea Bay (Loop Service),Regular,U-Go Mobility,GSBC010,GSBC Contract 10,Inbound,6,7.04,12.11,9.34,2026-08-28,https://opendata.transport.nsw.gov.au/data/dataset/5cc1f27a-984e-4d17-a158-c0a91fe5af5f/resource/be8727ce-4127-475e-9d27-b98fe7ddf5fc/download/bus_routes.csv
975,Miranda to Grays Point (Loop Service),Regular,U-Go Mobility,GSBC010,GSBC Contract 10,Inbound,5,1.38,14.96,11.71,2026-08-28,https://opendata.transport.nsw.gov.au/data/dataset/5cc1f27a-984e-4d17-a158-c0a91fe5af5f/resource/be8727ce-4127-475e-9d27-b98fe7ddf5fc/download/bus_routes.csv
976,Sutherland to Grays Point (Loop Service),Regular,U-Go Mobility,GSBC010,GSBC Contract 10,Inbound,6,10.96,17.7,14.29,2026-08-28,https://opendata.transport.nsw.gov.au/data/dataset/5cc1f27a-984e-4d17-a158-c0a91fe5af5f/resource/be8727ce-4127-475e-9d27-b98fe7ddf5fc/download/bus_routes.csv
977,Miranda to Lilli Pilli (Loop Service),Regular,U-Go Mobility,GSBC010,GSBC Contract 10,Inbound,8,7.43,15.52,10.51,2026-08-28,https://opendata.transport.nsw.gov.au/data/dataset/5cc1f27a-984e-4d17-a158-c0a91fe5af5f/resource/be8727ce-4127-475e-9d27-b98fe7ddf5fc/download/bus_routes.csv
978,Miranda to Dolans Bay via Pt Hckg (Loop Service),Regular,U-Go Mobility,GSBC010,GSBC Contract 10,Inbound,15,5.34,19.25,11.61,2026-08-28,https://opendata.transport.nsw.gov.au/data/dataset/5cc1f27a-984e-4d17-a158-c0a91fe5af5f/resource/be8727ce-4127-475e-9d27-b98fe7ddf5fc/download/bus_routes.csv
985,Miranda to Cronulla via Woolooware Bay,Regular,U-Go Mobility,GSBC010,GSBC Contract 10,Inbound; Outbound,6,8.49,9.18,8.73,2026-08-28,https://opendata.transport.nsw.gov.au/data/dataset/5cc1f27a-984e-4d17-a158-c0a91fe5af5f/resource/be8727ce-4127-475e-9d27-b98fe7ddf5fc/download/bus_routes.csv
986,Miranda to Miranda North,Regular,U-Go Mobility,GSBC010,GSBC Contract 10,Inbound; Outbound,2,3.11,3.13,3.12,2026-08-28,https://opendata.transport.nsw.gov.au/data/dataset/5cc1f27a-984e-4d17-a158-c0a91fe5af5f/resource/be8727ce-4127-475e-9d27-b98fe7ddf5fc/download/bus_routes.csv
987,Cronulla to Kurnell (Loop Service),Regular,U-Go Mobility,GSBC010,GSBC Contract 10,Inbound,7,13.02,23.43,19.82,2026-08-28,https://opendata.transport.nsw.gov.au/data/dataset/5cc1f27a-984e-4d17-a158-c0a91fe5af5f/resource/be8727ce-4127-475e-9d27-b98fe7ddf5fc/download/bus_routes.csv
988,Caringbah to Cronulla via Burraneer,Regular,U-Go Mobility,GSBC010,GSBC Contract 10,Inbound; Outbound,7,4.72,13.6,8.63,2026-08-28,https://opendata.transport.nsw.gov.au/data/dataset/5cc1f27a-984e-4d17-a158-c0a91fe5af5f/resource/be8727ce-4127-475e-9d27-b98fe7ddf5fc/download/bus_routes.csv
989,Bundeena to Maianbar (Loop Service),Regular,U-Go Mobility,GSBC010,GSBC Contract 10,Inbound,12,10.1,43.62,21.91,2026-08-28,https://opendata.transport.nsw.gov.au/data/dataset/5cc1f27a-984e-4d17-a158-c0a91fe5af5f/resource/be8727ce-4127-475e-9d27-b98fe7ddf5fc/download/bus_routes.csv
991,Sutherland to Heathcote,Regular,U-Go Mobility,GSBC010,GSBC Contract 10,Inbound; Outbound,14,5.06,22.79,13.89,2026-08-28,https://opendata.transport.nsw.gov.au/data/dataset/5cc1f27a-984e-4d17-a158-c0a91fe5af5f/resource/be8727ce-4127-475e-9d27-b98fe7ddf5fc/download/bus_routes.csv
992,Engadine to Kingswood Rd (Loop Service),Regular,U-Go Mobility,GSBC010,GSBC Contract 10,Inbound,6,9.32,12.07,10.54,2026-08-28,https://opendata.transport.nsw.gov.au/data/dataset/5cc1f27a-984e-4d17-a158-c0a91fe5af5f/resource/be8727ce-4127-475e-9d27-b98fe7ddf5fc/download/bus_routes.csv
993,Miranda to Woronora Heights (Loop Service),Regular,U-Go Mobility,GSBC010,GSBC Contract 10,Inbound,20,7.53,40.71,17.69,2026-08-28,https://opendata.transport.nsw.gov.au/data/dataset/5cc1f27a-984e-4d17-a158-c0a91fe5af5f/resource/be8727ce-4127-475e-9d27-b98fe7ddf5fc/download/bus_routes.csv
996,Engadine to Heathcote East (Loop Service),Regular,U-Go Mobility,GSBC010,GSBC Contract 10,Inbound,5,4.62,9.26,6.97,2026-08-28,https://opendata.transport.nsw.gov.au/data/dataset/5cc1f27a-984e-4d17-a158-c0a91fe5af5f/resource/be8727ce-4127-475e-9d27-b98fe7ddf5fc/download/bus_routes.csv
B1,B-Line Mona Vale to City Wynyard,Limited Stops,KD Northern Beaches,GSBC008,GSBC Contract 8,Inbound; Outbound,2,27.12,27.61,27.37,2026-08-28,https://opendata.transport.nsw.gov.au/data/dataset/5cc1f27a-984e-4d17-a158-c0a91fe5af5f/resource/be8727ce-4127-475e-9d27-b98fe7ddf5fc/download/bus_routes.csv
BN1,Mona Vale - QVB (All Night Service),Limited Stops,KD Northern Beaches,GSBC008,GSBC Contract 8,Inbound; Outbound,2,27.63,28.71,28.17,2026-08-28,https://opendata.transport.nsw.gov.au/data/dataset/5cc1f27a-984e-4d17-a158-c0a91fe5af5f/resource/be8727ce-4127-475e-9d27-b98fe7ddf5fc/download/bus_routes.csv
M90,Burwood to Liverpool,Regular,Transit Systems NSW,GSBC003,GSBC Contract 3,Inbound; Outbound,21,4.51,29.53,20.92,2026-08-28,https://opendata.transport.nsw.gov.au/data/dataset/5cc1f27a-984e-4d17-a158-c0a91fe5af5f/resource/be8727ce-4127-475e-9d27-b98fe7ddf5fc/download/bus_routes.csv
N10,City Town Hall to Sutherland (Night Service),Regular,U-Go Mobility,GSBC010,GSBC Contract 10,Inbound; Outbound,3,14.81,36.2,29.02,2026-08-28,https://opendata.transport.nsw.gov.au/data/dataset/5cc1f27a-984e-4d17-a158-c0a91fe5af5f/resource/be8727ce-4127-475e-9d27-b98fe7ddf5fc/download/bus_routes.csv
N11,City Town Hall to Cronulla (Night Service),Regular,U-Go Mobility,GSBC010,GSBC Contract 10,Inbound; Outbound,2,32.12,32.89,32.51,2026-08-28,https://opendata.transport.nsw.gov.au/data/dataset/5cc1f27a-984e-4d17-a158-c0a91fe5af5f/resource/be8727ce-4127-475e-9d27-b98fe7ddf5fc/download/bus_routes.csv
N20,Riverwood to City Town Hall via SYD Airport (Night,Regular,U-Go Mobility,GSBC010,GSBC Contract 10,Inbound; Outbound,2,27.04,27.76,27.4,2026-08-28,https://opendata.transport.nsw.gov.au/data/dataset/5cc1f27a-984e-4d17-a158-c0a91fe5af5f/resource/be8727ce-4127-475e-9d27-b98fe7ddf5fc/download/bus_routes.csv
N30,Macarthur to City Town Hall (Night Service),Regular,Transit Systems NSW,GSBC003,GSBC Contract 3,Inbound; Outbound,3,31.16,61.18,51.1,2026-08-28,https://opendata.transport.nsw.gov.au/data/dataset/5cc1f27a-984e-4d17-a158-c0a91fe5af5f/resource/be8727ce-4127-475e-9d27-b98fe7ddf5fc/download/bus_routes.csv
N31,Leppington to Liverpool,Regular,CDC NSW R4,GSBC004,GSBC Contract 4,Inbound; Outbound,2,18.19,18.25,18.22,2026-08-28,https://opendata.transport.nsw.gov.au/data/dataset/5cc1f27a-984e-4d17-a158-c0a91fe5af5f/resource/be8727ce-4127-475e-9d27-b98fe7ddf5fc/download/bus_routes.csv
N40,East Hills to City Town Hall (Night Service),Regular,Transit Systems NSW,GSBC003,GSBC Contract 3,Inbound; Outbound,3,18.73,33.68,28.66,2026-08-28,https://opendata.transport.nsw.gov.au/data/dataset/5cc1f27a-984e-4d17-a158-c0a91fe5af5f/resource/be8727ce-4127-475e-9d27-b98fe7ddf5fc/download/bus_routes.csv
N50,Liverpool to City Town Hall via Strathfield,Regular,CDC NSW R4,GSBC004,GSBC Contract 4,Inbound; Outbound,3,14.37,40.5,31.7,2026-08-28,https://opendata.transport.nsw.gov.au/data/dataset/5cc1f27a-984e-4d17-a158-c0a91fe5af5f/resource/be8727ce-4127-475e-9d27-b98fe7ddf5fc/download/bus_routes.csv
N60,Fairfield to City Town Hall via Strathfield,Regular,CDC NSW R4,GSBC004,GSBC Contract 4,Inbound; Outbound,2,36.77,37.44,37.1,2026-08-28,https://opendata.transport.nsw.gov.au/data/dataset/5cc1f27a-984e-4d17-a158-c0a91fe5af5f/resource/be8727ce-4127-475e-9d27-b98fe7ddf5fc/download/bus_routes.csv
N61,Carlingford to City Town Hall via Strathfield,Regular,CDC NSW R4,GSBC004,GSBC Contract 4,Inbound; Outbound,2,32.67,33.32,32.99,2026-08-28,https://opendata.transport.nsw.gov.au/data/dataset/5cc1f27a-984e-4d17-a158-c0a91fe5af5f/resource/be8727ce-4127-475e-9d27-b98fe7ddf5fc/download/bus_routes.csv
N70,Penrith to City Town Hall via Parramatta,Regular,CDC NSW R4,GSBC004,GSBC Contract 4,Inbound; Outbound,2,66.66,67.17,66.91,2026-08-28,https://opendata.transport.nsw.gov.au/data/dataset/5cc1f27a-984e-4d17-a158-c0a91fe5af5f/resource/be8727ce-4127-475e-9d27-b98fe7ddf5fc/download/bus_routes.csv
N71,Richmond to City Town Hall via Parramatta,Regular,CDC NSW R4,GSBC004,GSBC Contract 4,Inbound; Outbound,2,71.99,72.67,72.33,2026-08-28,https://opendata.transport.nsw.gov.au/data/dataset/5cc1f27a-984e-4d17-a158-c0a91fe5af5f/resource/be8727ce-4127-475e-9d27-b98fe7ddf5fc/download/bus_routes.csv
N80,Hornsby to Town Hall via Strathfield,Regular,Busways North West,GSBC007,GSBC Contract 7,Inbound; Outbound,2,39.02,40.14,39.58,2026-08-28,https://opendata.transport.nsw.gov.au/data/dataset/5cc1f27a-984e-4d17-a158-c0a91fe5af5f/resource/be8727ce-4127-475e-9d27-b98fe7ddf5fc/download/bus_routes.csv
N81,Parramatta to Town Hall via Olympic Park,Regular,Busways North West,GSBC007,GSBC Contract 7,Inbound; Outbound,2,36.02,36.29,36.16,2026-08-28,https://opendata.transport.nsw.gov.au/data/dataset/5cc1f27a-984e-4d17-a158-c0a91fe5af5f/resource/be8727ce-4127-475e-9d27-b98fe7ddf5fc/download/bus_routes.csv
N90,Hornsby to Town Hall via Chatswood,Regular,Busways North West,GSBC007,GSBC Contract 7,Inbound; Outbound,2,24.95,25.26,25.11,2026-08-28,https://opendata.transport.nsw.gov.au/data/dataset/5cc1f27a-984e-4d17-a158-c0a91fe5af5f/resource/be8727ce-4127-475e-9d27-b98fe7ddf5fc/download/bus_routes.csv
N91,Macquarie Centre to Town Hall via Chatswood,Regular,Busways North West,GSBC007,GSBC Contract 7,Inbound; Outbound,2,18.48,18.77,18.63,2026-08-28,https://opendata.transport.nsw.gov.au/data/dataset/5cc1f27a-984e-4d17-a158-c0a91fe5af5f/resource/be8727ce-4127-475e-9d27-b98fe7ddf5fc/download/bus_routes.csv
N92,Tallawong to City Town Hall via Macquarie Park,Regular,CDC NSW R4,GSBC004,GSBC Contract 4,Inbound; Outbound,2,50.34,50.58,50.46,2026-08-28,https://opendata.transport.nsw.gov.au/data/dataset/5cc1f27a-984e-4d17-a158-c0a91fe5af5f/resource/be8727ce-4127-475e-9d27-b98fe7ddf5fc/download/bus_routes.csv
S1,Cabramatta to Lansvale (Loop Service),Regular,Transit Systems NSW,GSBC003,GSBC Contract 3,Inbound,7,5.88,16.04,10.64,2026-08-28,https://opendata.transport.nsw.gov.au/data/dataset/5cc1f27a-984e-4d17-a158-c0a91fe5af5f/resource/be8727ce-4127-475e-9d27-b98fe7ddf5fc/download/bus_routes.csv
S2,Sefton to Granville,Regular,Transit Systems NSW,GSBC003,GSBC Contract 3,Inbound; Outbound,3,6.61,10.21,8.36,2026-08-28,https://opendata.transport.nsw.gov.au/data/dataset/5cc1f27a-984e-4d17-a158-c0a91fe5af5f/resource/be8727ce-4127-475e-9d27-b98fe7ddf5fc/download/bus_routes.csv
S3,Chrisholm Road to Auburn,Regular,Transit Systems NSW,GSBC003,GSBC Contract 3,Inbound; Outbound,2,2.49,2.52,2.51,2026-08-28,https://opendata.transport.nsw.gov.au/data/dataset/5cc1f27a-984e-4d17-a158-c0a91fe5af5f/resource/be8727ce-4127-475e-9d27-b98fe7ddf5fc/download/bus_routes.csv
S4,Chester Hill to Fairfield via Villawood & Carramar,Regular,Transit Systems NSW,GSBC003,GSBC Contract 3,Inbound; Outbound,5,3.96,12.37,7.6,2026-08-28,https://opendata.transport.nsw.gov.au/data/dataset/5cc1f27a-984e-4d17-a158-c0a91fe5af5f/resource/be8727ce-4127-475e-9d27-b98fe7ddf5fc/download/bus_routes.csv
S7,Parklea Gdn Village & Blacktown Shopper Hopper,Regular,Busways R1,GSBC001,GSBC Contract 1,Inbound; Outbound,2,6.97,7.08,7.03,2026-08-28,https://opendata.transport.nsw.gov.au/data/dataset/5cc1f27a-984e-4d17-a158-c0a91fe5af5f/resource/be8727ce-4127-475e-9d27-b98fe7ddf5fc/download/bus_routes.csv
S10,Miller Shops to Heckenberg,Regular,Transit Systems NSW,GSBC003,GSBC Contract 3,Inbound; Outbound,2,4.17,4.18,4.18,2026-08-28,https://opendata.transport.nsw.gov.au/data/dataset/5cc1f27a-984e-4d17-a158-c0a91fe5af5f/resource/be8727ce-4127-475e-9d27-b98fe7ddf5fc/download/bus_routes.csv
S11,St Marys to St Clair Shopping Village Loop,Regular,Busways R1,GSBC001,GSBC Contract 1,Inbound,3,8.09,17.37,11.58,2026-08-28,https://opendata.transport.nsw.gov.au/data/dataset/5cc1f27a-984e-4d17-a158-c0a91fe5af5f/resource/be8727ce-4127-475e-9d27-b98fe7ddf5fc/download/bus_routes.csv
S13,Penrith Shopper Hopper,Regular,Busways R1,GSBC001,GSBC Contract 1,Inbound,1,5.54,5.54,5.54,2026-08-28,https://opendata.transport.nsw.gov.au/data/dataset/5cc1f27a-984e-4d17-a158-c0a91fe5af5f/resource/be8727ce-4127-475e-9d27-b98fe7ddf5fc/download/bus_routes.csv
S17,Camden to Narellan via Spring Farm,Regular,Transit Systems NSW SW,GSBC002,GSBC Contract 2,Inbound; Outbound,7,8.59,12.31,9.67,2026-08-28,https://opendata.transport.nsw.gov.au/data/dataset/5cc1f27a-984e-4d17-a158-c0a91fe5af5f/resource/be8727ce-4127-475e-9d27-b98fe7ddf5fc/download/bus_routes.csv
